game_id,white_player,wn_pair,wn_outpost,wn_repositioning,wn_mobility,wb_pair,wk_side_fianchetto,wq_side_fianchetto,wb_mobility,wlong_diagonal_control,wopposite_color_b,b_p_coherency,wn_b_trade_pref,wn_b_develop_pref,wopen_files,wsemi_open_files,wback_rank_r,wdoubled_r,wdoubled_with_q,wr_mobility,wq_aggression,wq_fianchetto,wq_invasion,wq_mobility,A,B,C,D,E,A#,B#,C#,D#,E#,w_development_side,wc_earliness,wc_side,wc_relative,wc_artificial,wc_development,wp_king_protection,wp_center_strength,wp_doubled,wp_isolated,wp_backward,wp_tension,wp_color,wp_forwardness,wp_guarded_forwardness,wp_en_passant,wp_storming,wp_chain_count,wp_longest_chain,wp_non_queen,wb_rank,wb_file,wb_density,wb_attack,wb_pawn_pref,wb_minor_pref,wb_rook_pref,wb_queen_pref,wcl_MLL,wcl_ML,wcl_MM,wcl_MR,wcl_MRR,wcl_BL,wcl_BM,wcl_BR,discovered_checks_set_up,discovered_checks_given,discovered_checks_chances,P_moves,N_moves,B_moves,R_moves,Q_moves,K_moves,pins_given,time_pinned,fork_counter,pieces_guarded,num_trades,num_direct_trades,num_indirect_trades,num_direct_trades_white,num_indirect_trades_white,avg_time_between_direct_trade,exchanges_possible,king_squares_attacked,king_moves,king_moves_weighted,distance_from_king
https://lichess.org/UcoyV146,arturchix,0,0.0,0.1675836447950207,2.060606060606061,0,0,1,2.1515151515151514,0.9848484848484848,-1,2.3893805309734515,-0.5137614678899083,0.631578947368421,0.9242424242424242,0.16666666666666666,0.0,0.3636363636363637,0.030303030303030307,4.848484848484849,0.0,0.0,0.0,5.321428571428571,1.0,0.0,0.0,0.0,0.0,4.0,0.0,0.0,0.0,0.0,0.3571428571428572,0.08333333333333333,1,-1,0,0.0,1.2000000000000002,0.8847706125014464,0.0,0.3333333333333333,1.8787878787878791,0.19696969696969696,1.0,2.417135642135644,0.7575757575757576,0.0,0.19893326236496128,0.2272727272727273,1.6969696969696968,0.0,1.6784305341123515,0.573172618627164,0.35446862695226905,36.31818181818182,0.4771135850681301,0.4948773448773449,0.4974747474747474,0.5,0.03787878787878788,0.21212121212121213,0.08333333333333333,0.3787878787878788,0.0,0.2424242424242424,0.20454545454545456,0.36363636363636337,0,0,0,0.23880597014925364,0.13432835820895522,0.02985074626865672,0.3134328358208954,0.17910447761194026,0.11940298507462685,11,1.0,0,0.0009100777466250376,8,8,0,1,0,1.0,0.3809523809523809,0.2575757575757576,1,30,3.2087280543530543
https://lichess.org/ddPbBTjI,arturchix,0,0.0,0.2390866772116772,1.7,0,0,1,2.375,1.0,-1,3.6666666666666665,-0.25225225225225223,0.35294117647058826,0.075,0.575,0.0,0.0,0.525,4.625,0.68,0.0,0.0,4.5846153846153825,0.0,1.0,0.0,0.0,0.0,0.0,0.0,0.0,0.0,0.0,0.2857142857142858,0.05,1,1,0,0.6666666666666667,2.8,2.074831151199372,0.025,0.25,2.125,0.2,-0.5,2.02452380952381,1.0,0.0,0.17747769507799835,0.2,2.25,0.0,1.503412004662005,0.5609419746919748,0.4041457986651112,37.5,0.4992909867909868,0.5108333333333334,0.5,0.5,0.0,0.2,0.43125,0.0,0.0,0.19166666666666668,0.2875,0.3500000000000001,0,0,0,0.3103448275862069,0.10344827586206898,0.08620689655172414,0.206896551724138,0.13793103448275865,0.17241379310344832,1,7.5,0,0.0015050805675805676,8,8,0,4,0,1.0,0.25,0.45,0,0,3.3541611621996226
https://lichess.org/ZddmoTrq,arturchix,0,0.0,0.1390447791940514,2.260869565217391,0,0,0,2.9782608695652173,0.0,-1,0.4791666666666667,-0.5476190476190477,-0.1935483870967742,0.3043478260869565,0.08695652173913042,0.0,0.0,0.0,3.608695652173913,0.42857142857142855,0.0,0.0,0.9090909090909092,0.0,0.0,1.0,0.0,0.0,0.0,0.0,70.0,0.0,0.0,0.3333333333333335,0.125,1,1,0,0.0,3.0,1.7367148839280675,0.13043478260869565,0.0,0.08695652173913042,0.08695652173913042,0.1428571428571428,1.6048136645962738,0.0,0.0,0.16783000940262846,0.043478260869565216,2.0434782608695654,0.0,1.3395626113017414,-0.13163285989372944,0.3947044959840073,36.52173913043478,0.5014492753623189,0.4956521739130435,0.4927536231884058,0.5,0.0,0.06521739130434782,0.2717391304347826,0.06521739130434782,0.0,0.652173913043478,0.08695652173913042,0.5072463768115942,0,0,0,0.22222222222222224,0.22222222222222224,0.22222222222222224,0.17777777777777778,0.04444444444444445,0.13333333333333333,16,1.0,1,0.013435918209075106,5,5,0,2,0,1.0,0.9090909090909092,0.043478260869565216,0,0,3.5623414085914087
https://lichess.org/M5MoywLP,arturchix,0,0.0,0.2993669480882011,2.9916666666666667,0,0,0,3.35,0.0,1,-1.9411764705882355,1.2452830188679245,0.9655172413793104,1.5166666666666666,0.4666666666666667,0.3411764705882353,0.0,0.0,8.133333333333333,0.0,0.0,0.0,0.35294117647058826,0.0,0.0,1.0,0.0,0.0,0.0,0.0,70.0,0.0,0.0,0.4857142857142858,0.125,1,1,0,0.0,2.8,0.6417275399820633,0.4666666666666667,0.4666666666666667,0.5666666666666667,0.2,0.0,1.5175793650793659,0.0,0.0,0.16740412776557118,0.0,1.5666666666666669,0.0,1.8053748103748104,0.10803867428867432,0.3492464736048054,35.833333333333336,0.4510631035631029,0.4483333333333329,0.5972222222222224,0.4916666666666666,0.0,0.1125,0.14166666666666666,0.0,0.0,0.3666666666666663,0.26666666666666666,0.45555555555555605,0,0,0,0.18367346938775508,0.24489795918367346,0.2040816326530612,0.30612244897959184,0.0,0.08163265306122447,18,2.6666666666666665,0,0.004354528187861521,6,5,1,1,1,1.0,0.42857142857142855,0.35,3,53,3.106836277012748
https://lichess.org/kJjU3dCq,arturchix,0,0.0,0.13478231170538862,2.5384615384615383,0,0,0,1.75,0.0,-1,0.5454545454545454,0.045454545454545456,0.9767441860465116,0.38461538461538464,0.5,0.0,0.0,0.4615384615384616,3.5384615384615383,0.0,0.0,0.0,2.0869565217391304,0.0,0.0,1.0,0.0,0.0,0.0,0.0,65.0,0.0,0.0,0.2653061224489797,0.1,1,-1,0,0.0,2.8,1.7934726188728074,0.4615384615384616,0.0,0.0,0.4230769230769231,0.0,1.6744505494505502,0.15384615384615385,0.0,0.18094875900280166,0.38461538461538464,2.3846153846153846,0.0,1.2591933707318317,0.031294026486334184,0.4527974997432012,34.615384615384606,0.5086785009861933,0.48699633699633704,0.5,0.5,0.0,0.0,0.40384615384615385,0.0,0.0,0.3589743589743589,0.17307692307692307,0.6153846153846152,0,0,0,0.29166666666666663,0.2083333333333333,0.2083333333333333,0.25,0.041666666666666664,0.041666666666666664,10,5.5,0,0.0019009693667607864,3,3,0,1,0,1.0,0.4782608695652174,1.2692307692307692,0,0,3.4285119711206664
https://lichess.org/oznffT4F,arturchix,0,0.2857142857142857,0.6046107490663571,3.523809523809524,0,0,1,1.8095238095238089,1.0476190476190477,1,-3.0,0.24489795918367346,-0.13793103448275862,0.0,0.4761904761904762,0.0,0.0,0.2857142857142857,3.9047619047619047,0.0,0.0,0.0,4.16,0.0,1.0,0.0,0.0,0.0,0.0,40.0,0.0,0.0,0.0,0.4285714285714286,0.125,1,1,0,0.0,3.0,2.1164585916801806,0.0,0.0,2.2857142857142856,0.2857142857142857,-0.4285714285714286,1.5646258503401362,0.0,0.0,0.16459691782999292,0.0,2.0,0.0,1.3024594453165879,0.09262166405023546,0.4285482481678832,36.66666666666666,0.5,0.4952380952380953,0.5,0.5,0.14285714285714285,0.07142857142857142,0.4166666666666667,0.0,0.0,0.12698412698412698,0.047619047619047616,0.3333333333333332,0,0,0,0.19230769230769232,0.42307692307692296,0.19230769230769232,0.07692307692307693,0.1153846153846154,0.038461538461538464,3,0.0,0,0.0024523851054463297,3,3,0,1,0,1.0,0.28,0.0,0,0,3.4264007326007344
https://lichess.org/VtBICXcl,arturchix,0,0.2432432432432433,0.15261666380087432,2.5405405405405403,0,0,0,0.6891891891891891,0.21621621621621626,-1,3.0,0.0,0.1176470588235294,0.2432432432432433,1.3243243243243243,0.0,0.0,0.0,6.3243243243243255,0.68,0.0,0.0,4.516129032258065,0.0,1.0,0.0,0.0,0.0,0.0,6.0,0.0,0.0,0.0,-0.09523809523809523,0.02631578947368421,-1,0,0,0.6666666666666667,2.6,1.9557313740599704,0.8918918918918919,1.0,1.7837837837837838,0.08108108108108109,0.2,1.9948519948519952,0.08108108108108109,0.0,0.22149142407277814,0.0,2.0,0.0,1.6631448131448132,0.062324012324012336,0.3863301005405666,36.1081081081081,0.4952749952749951,0.4846846846846847,0.5,0.5,0.0,0.0,0.2364864864864865,0.2364864864864865,0.5,0.5405405405405405,0.25675675675675674,0.3153153153153154,0,0,0,0.3684210526315789,0.15789473684210525,0.15789473684210525,0.15789473684210525,0.10526315789473684,0.07894736842105263,17,1.0,0,0.0047316695965344616,5,5,0,2,0,1.0,0.3225806451612903,0.32432432432432434,0,0,3.3179786894706247
https://lichess.org/yzIRwGTM,arturchix,1,0.16666666666666666,0.4505233153304338,1.7708333333333333,0,0,1,1.5625,0.5833333333333334,-1,-1.5,0.06557377049180327,0.9473684210526316,0.08333333333333333,0.9166666666666666,0.0,0.0,0.08333333333333333,4.0,0.3333333333333333,0.0,0.0,1.7777777777777777,0.0,1.0,0.0,0.0,0.0,0.0,7.0,0.0,0.0,0.0,0.16883116883116878,0.07142857142857142,1,1,0,0.33333333333333337,1.6,2.2105503741197183,0.0,0.0,2.2916666666666665,0.041666666666666664,0.4285714285714286,2.5,0.7083333333333334,0.0,0.1942911105487448,1.0,3.0,0.0,2.0698489010989007,0.6720085470085471,0.4052890384356901,34.625,0.5080128205128205,0.5011904761904762,0.5069444444444444,0.4791666666666667,0.5,0.0,0.28125,0.4895833333333333,0.3125,0.3472222222222221,0.4791666666666667,0.5555555555555559,0,0,0,0.29411764705882354,0.29411764705882354,0.14705882352941174,0.17647058823529413,0.05882352941176471,0.05882352941176471,1,1.0,0,0.002832763714460143,4,4,0,1,0,1.0,0.8709677419354839,0.16666666666666666,1,29,3.3602768909514933
https://lichess.org/RYuTPTzh,arturchix,0,0.0,0.1400359452609801,2.1777777777777776,0,0,0,3.533333333333333,0.24444444444444444,-1,0.9166666666666666,0.0,-0.7368421052631579,0.06666666666666668,1.1333333333333333,0.0,0.26666666666666666,0.0,5.466666666666668,0.75,0.0,0.0,1.524590163934426,0.0,1.0,0.0,0.0,0.0,0.0,13.0,0.0,0.0,0.0,0.0,0.05,1,0,0,0.6666666666666667,2.4,2.039076609842956,0.022222222222222227,0.1111111111111111,1.7555555555555555,0.06666666666666668,0.2,1.713227513227514,0.0,0.0,0.19786370838221307,0.8888888888888888,2.888888888888889,0.0,1.4853413253413252,0.1958115958115958,0.3834044056198281,36.48888888888889,0.5274402141068812,0.5006349206349207,0.5037037037037038,0.5111111111111111,0.0,0.005555555555555557,0.3111111111111111,0.20555555555555555,0.1111111111111111,0.3555555555555558,0.15555555555555556,0.4888888888888889,0,0,0,0.25,0.2708333333333333,0.14583333333333331,0.25,0.041666666666666664,0.0625,3,1.0,0,0.002990958972440454,7,7,0,5,0,1.0,0.3333333333333333,0.5777777777777777,1,22,3.27996719886064
https://lichess.org/tDjo6xEg,arturchix,1,0.0,0.30273947631577103,2.811111111111111,0,0,0,1.5444444444444445,0.08888888888888889,-1,-1.75,0.5079365079365079,0.4137931034482759,0.37777777777777777,0.4666666666666667,0.0,0.0,0.5111111111111111,3.8222222222222224,0.6521739130434783,0.0,0.0,3.544117647058824,0.0,1.0,0.0,0.0,0.0,0.0,6.0,0.0,0.0,0.0,-0.04761904761904756,0.08333333333333333,-1,0,0,0.0,3.0,1.7676863886756888,0.0,0.17777777777777778,1.0666666666666669,0.17777777777777778,0.5,2.0861375661375665,0.6,0.0,0.2102957514395208,0.022222222222222227,2.0222222222222217,0.0,1.6581168831168829,0.08122957289623955,0.4144368143950634,36.91111111111111,0.4815695415695413,0.4926984126984126,0.4962962962962964,0.5,0.0,0.011111111111111113,0.3555555555555556,0.2833333333333333,0.2111111111111111,0.051851851851851836,0.4444444444444444,0.4000000000000001,0,0,0,0.2285714285714286,0.2857142857142857,0.2285714285714286,0.11428571428571427,0.057142857142857134,0.11428571428571427,1,1.0,0,0.001581511629659778,5,5,0,3,0,1.0,0.7352941176470589,0.9555555555555556,3,91,3.162090293965292
https://lichess.org/vq6355qi,arturchix,0,0.0,0.1034920634920635,0.96,1,0,0,3.5,0.48,1,0.4886363636363637,-0.1643835616438356,-0.09523809523809523,1.6,0.0,0.0,0.0,0.0,6.24,0.0,0.0,0.0,2.369565217391304,0.0,0.0,1.0,0.0,0.0,0.0,0.0,1.0,0.0,0.0,0.3809523809523809,0.1,1,1,0,0.0,3.0,2.405284786748032,0.64,0.64,1.44,0.0,0.1428571428571428,1.5485714285714287,0.0,0.0,0.1600847536692933,0.0,1.72,0.0,1.3702364302364298,0.0848558108558109,0.427727137003132,39.04,0.5,0.5055238095238095,0.4933333333333334,0.5,0.0,0.0,0.35,0.13,0.0,0.5599999999999998,0.0,0.3466666666666666,0,0,0,0.2222222222222222,0.06349206349206349,0.20634920634920634,0.20634920634920634,0.06349206349206349,0.25396825396825395,0,2.0,0,0.0071562481962481935,5,5,0,3,0,1.0,0.39130434782608703,0.12,0,0,3.3964802206650035
https://lichess.org/sj5u1dRG,arturchix,1,0.0,0.1999347331104659,2.15625,0,0,0,0.4375,0.03125,0,-0.5,1.84873949579832,0.0,0.0,1.0,0.0,0.0,0.46875,5.6875,0.3333333333333333,0.0,0.0,3.440677966101694,0.0,1.0,0.0,0.0,0.0,0.0,51.0,0.0,0.0,0.0,0.3333333333333335,0.16666666666666666,1,1,0,0.0,3.2,2.2286152534491444,0.03125,0.0,1.0,0.125,-0.2,1.604166666666667,0.0625,0.0,0.17374418199954214,0.0,2.0,0.0,1.3114484473859476,0.4598750208125208,0.37669045598458784,36.40625,0.4954108391608392,0.4938988095238096,0.5,0.515625,0.046875,0.0078125,0.265625,0.0234375,0.0625,0.33333333333333337,0.015625,0.4791666666666666,0,0,0,0.1967213114754098,0.37704918032786894,0.11475409836065575,0.1967213114754098,0.09836065573770493,0.032786885245901634,5,1.0,0,0.0020666982214833773,6,6,0,3,0,1.0,0.3448275862068966,0.0,0,0,3.3555241117952983
https://lichess.org/gXdxCaJO,arturchix,0,0.0,0.3156056228862871,2.6944444444444446,0,0,0,1.8796296296296293,0.037037037037037035,-1,3.4,0.0,-0.8235294117647058,0.9629629629629628,0.037037037037037035,0.0,0.5740740740740741,0.0,4.574074074074074,0.5882352941176471,0.0,0.0,4.549295774647887,0.0,1.0,0.0,0.0,0.0,0.0,13.0,0.0,0.0,0.0,0.0,0.05555555555555555,1,1,0,0.6666666666666667,2.8,1.8309011257936392,0.0,0.3703703703703704,0.3333333333333333,0.2407407407407408,0.6000000000000001,1.646296296296296,0.3333333333333333,0.0,0.1722756323892755,0.3333333333333333,2.333333333333333,0.0,1.4256869673536339,0.11951536118202785,0.4036315706571419,37.72222222222222,0.4967624967624967,0.5062610229276895,0.5,0.5092592592592593,0.0,0.06481481481481481,0.3055555555555556,0.1111111111111111,0.0,0.3950617283950616,0.04629629629629629,0.4074074074074072,3,1,3,0.30612244897959184,0.22448979591836726,0.1020408163265306,0.24489795918367346,0.1020408163265306,0.040816326530612235,1,2.0,0,0.0012609232358644473,6,6,0,5,0,1.0,0.4857142857142857,0.9444444444444444,0,0,3.2974361436685378
https://lichess.org/smjmH1jH,arturchix,0,0.0,0.0,2.533333333333333,0,0,0,3.4,0.0,-1,-1.108695652173913,0.4848484848484849,0.8695652173913043,0.0,0.6666666666666666,0.0,0.0,0.3333333333333333,3.866666666666666,0.0,0.0,0.0,2.2580645161290325,0.0,1.0,0.0,0.0,0.0,0.0,31.0,0.0,0.0,0.0,0.2857142857142858,0.1,1,1,0,0.0,2.0,2.3632305327703644,0.0,0.0,0.7333333333333333,0.06666666666666668,0.7142857142857142,1.5642857142857145,0.0,0.0,0.16871288816064825,1.0,3.0,0.0,1.3680708180708183,-0.14322344322344324,0.39848762599183657,36.53333333333333,0.4977777777777778,0.5111111111111112,0.5,0.5333333333333333,0.0,0.0,0.25,0.05,0.0,0.3333333333333333,0.5,0.4222222222222222,0,0,0,0.16363636363636366,0.20000000000000004,0.21818181818181825,0.16363636363636366,0.07272727272727272,0.20000000000000004,2,1.7777777777777777,0,0.0037349070682404016,4,4,0,2,0,1.0,0.13333333333333333,0.0,0,0,3.6046421171421175
https://lichess.org/mhW4tmbX,arturchix,0,0.2,0.6814537340769024,2.55,0,0,1,2.8625,0.85,-1,-2.7,0.0,0.3703703703703704,0.95,0.075,0.0,0.0,0.0,5.75,1.3636363636363635,0.0,0.0,3.419354838709677,0.0,1.0,0.0,0.0,0.0,0.0,29.0,0.0,0.0,0.0,0.3714285714285713,0.07142857142857142,1,1,0,0.0,2.8,0.8805843725136422,0.3,0.3,1.875,0.0,-0.2,1.7108333333333332,0.0,0.0,0.18290530218366505,0.35,2.275,0.0,1.5400498112998116,0.09192821067821072,0.3700440897197915,37.55,0.5079545454545455,0.496547619047619,0.5,0.4875,0.1,0.3,0.10625,0.10625,0.25,0.275,0.05,0.3166666666666668,0,1,1,0.19736842105263155,0.19736842105263155,0.05263157894736842,0.4210526315789471,0.05263157894736842,0.09210526315789473,2,1.3333333333333333,0,0.0022090045371295367,6,6,0,2,0,1.0,0.4516129032258064,0.275,1,21,3.2574387500193933
https://lichess.org/pN3yzTTK,arturchix,0,0.0,0.039810467310467314,1.1142857142857143,1,0,0,2.7285714285714286,0.3428571428571429,0,0.0,-1.4074074074074074,0.56,0.7714285714285715,0.6,0.0,0.057142857142857134,0.2,6.171428571428572,0.0,0.0,0.0,4.271186440677966,0.0,0.0,1.0,0.0,0.0,0.0,0.0,1.0,0.0,0.0,0.0,0.045454545454545456,1,1,0,0.33333333333333337,3.0,1.4116259746774205,0.0,0.8285714285714286,0.2,0.08571428571428573,0.0,1.7255102040816326,0.11428571428571427,0.0,0.17134057928229118,0.0,0.9142857142857144,0.0,1.3941127126841413,0.3952889967175682,0.35292834201552875,43.02857142857143,0.4595071595071597,0.5151020408163266,0.4904761904761904,0.5142857142857142,0.057142857142857134,0.2071428571428572,0.25,0.0,0.0,0.09523809523809523,0.32857142857142857,0.4095238095238093,0,0,0,0.32258064516129026,0.1935483870967742,0.12903225806451613,0.1935483870967742,0.16129032258064516,0.03225806451612903,3,1.0,0,0.003432319996168394,6,6,0,3,0,1.0,0.4482758620689655,0.5142857142857142,0,0,3.2507898520186633
https://lichess.org/dgMbVp1N,arturchix,0,0.0,0.0,0.0,0,0,0,0.0,0.0,0,0.0,0.0,0.7619047619047619,0.0,0.0,0.0,0.0,0.0,0.0,0.0,0.0,0.0,1.9545454545454544,0.0,1.0,0.0,0.0,0.0,0.0,6.0,0.0,0.0,0.0,0.2,0.0625,1,1,0,0.33333333333333337,2.8,2.1002079029431298,0.0,0.0,0.0,0.0,0.1428571428571428,1.4285714285714286,0.0,0.0,0.15882069261388132,0.0,2.0,0.0,1.5714285714285714,-0.1428571428571428,0.3902439024390244,39.0,0.5,0.5,0.5,1.0,0.0,0.25,0.25,0.0,0.0,0.0,0.0,0.6666666666666666,0,0,0,0.25,0.3333333333333333,0.25,0.16666666666666666,0.0,0.08333333333333333,2,0.0,0,0.0,2,2,0,1,0,1.0,0.3636363636363637,0.0,0,0,3.5787205387205385
https://lichess.org/y50R7QaN,arturchix,0,0.0,0.25005003503854445,2.806451612903226,0,0,0,1.9677419354838708,0.03225806451612903,-1,1.6296296296296295,0.0,1.1578947368421053,0.3548387096774194,0.0,0.0,0.0,0.1935483870967742,4.919354838709677,0.0,0.0,0.0,5.0125,0.0,1.0,0.0,0.0,0.0,0.0,52.0,0.0,0.0,0.0,0.2142857142857142,0.038461538461538464,1,0,0,0.6666666666666667,2.2,1.6326011987814644,0.25806451612903225,0.5161290322580645,1.5322580645161292,0.3387096774193548,0.6000000000000001,2.1735791090629792,0.16129032258064516,0.0,0.25915438814944153,1.2903225806451613,3.0,0.0,1.5618446070058962,0.10209145693016654,0.35231637964296786,36.983870967741936,0.541706769932577,0.6333333333333333,0.5,0.5,0.016129032258064516,0.25,0.18548387096774194,0.2419354838709677,0.0,0.4193548387096769,0.3387096774193548,0.4838709677419354,0,0,1,0.26829268292682923,0.2439024390243902,0.12195121951219512,0.12195121951219512,0.2439024390243902,0.024390243902439025,3,1.0,0,0.0018260205616196406,5,5,0,4,0,1.0,0.45,1.403225806451613,0,0,3.3153086535378185
https://lichess.org/iXflSzjH,arturchix,0,0.0,0.003347902097902098,2.4125,0,0,0,2.55,0.35,-1,1.6578947368421053,0.0,1.0588235294117647,0.0,0.6,0.0,0.0,0.05,3.8,0.0,0.0,0.0,3.3392857142857144,0.0,1.0,0.0,0.0,0.0,0.0,52.0,0.0,0.0,0.0,0.2142857142857142,0.045454545454545456,1,1,0,0.6666666666666667,2.4,2.504775548404057,0.0,0.0,1.35,0.1,0.1428571428571428,1.95,0.0,0.0,0.17985703699890396,1.4,2.9,0.0,1.5086913086913092,0.04935689310689306,0.3750358568666817,34.675,0.5,0.4891666666666666,0.5,0.5,0.0,0.25,0.39375,0.1125,0.0,0.6166666666666668,0.3,0.3666666666666668,0,0,0,0.23880597014925364,0.05970149253731344,0.1044776119402985,0.16417910447761191,0.2835820895522387,0.16417910447761191,6,3.5,0,0.0016918749653124653,6,6,0,2,0,1.0,0.6071428571428571,0.475,2,61,3.5235932685039826
https://lichess.org/Nbr9BORe,arturchix,0,0.0,0.05221081890026623,1.6063829787234043,0,0,0,2.48936170212766,0.0,1,0.5983606557377049,0.7301587301587301,0.9655172413793104,0.0,0.9574468085106383,0.0,0.7234042553191491,0.44680851063829785,4.787234042553191,0.0,0.0,0.0,3.388059701492537,0.0,0.0,1.0,0.0,0.0,0.0,0.0,78.0,0.0,0.0,0.3809523809523809,0.125,1,1,0,0.0,1.6,2.7558530656030755,0.0425531914893617,0.5106382978723404,2.5106382978723403,0.2978723404255319,0.6000000000000001,2.134929078014185,0.0,0.0,0.18570076782167133,0.6170212765957447,2.617021276595745,0.0,1.7380516646474091,0.498911726571301,0.4149328352616803,37.53191489361703,0.5005604324753261,0.5092198581560283,0.5,0.5,0.0,0.25,0.2340425531914893,0.2340425531914893,0.2872340425531915,0.3191489361702129,0.8191489361702128,0.4113475177304961,0,0,0,0.27142857142857146,0.07142857142857142,0.1,0.14285714285714288,0.2142857142857144,0.2142857142857144,3,6.0,0,0.001445002359443283,6,6,0,4,0,1.0,0.5757575757575758,0.1276595744680851,1,36,3.1886411492506013
https://lichess.org/I7hLL0fM,arturchix,0,0.0,0.2239262930052404,1.1578947368421053,1,0,1,3.5526315789473686,0.5789473684210527,1,0.125,0.0,0.42105263157894735,0.21052631578947367,0.42105263157894735,0.0,0.0,0.0,2.3684210526315788,0.0,0.0,0.0,2.7954545454545454,1.0,0.0,0.0,0.0,0.0,5.0,0.0,0.0,0.0,0.0,0.346938775510204,0.125,1,1,0,0.0,3.3,1.4384072086346251,0.0,0.0,1.1052631578947372,0.05263157894736842,-0.33333333333333337,1.3471177944862158,0.05263157894736842,0.0,0.1593086467175486,0.0,2.0,0.0,1.2419948472580054,0.31336382915330285,0.4011603323351587,36.526315789473685,0.5211630474788368,0.4859649122807018,0.4912280701754385,0.5,0.18421052631578946,0.09210526315789473,0.13157894736842105,0.03947368421052632,0.0,0.07017543859649122,0.0,0.3333333333333332,0,0,0,0.2647058823529412,0.2058823529411765,0.17647058823529413,0.3235294117647059,0.0,0.05882352941176471,6,1.6666666666666667,0,0.007319857735370199,4,4,0,3,0,1.0,0.5,0.05263157894736842,0,0,3.327897638977185
https://lichess.org/NmMud3xD,arturchix,1,0.0,0.07506565941436742,2.0869565217391304,0,0,0,1.565217391304348,0.0,-1,-1.0,1.1147540983606556,0.3157894736842105,0.9130434782608696,0.0,0.0,0.0,0.2608695652173913,4.565217391304348,0.0,0.0,0.0,2.4878048780487805,0.0,0.0,1.0,0.0,0.0,0.0,0.0,1.0,0.0,0.0,0.0714285714285714,0.0625,1,-1,0,0.33333333333333337,3.0,2.228615253449144,0.0,0.0,0.4782608695652174,0.0,-0.7142857142857143,1.5093167701863348,0.0,0.0,0.1651404396728944,1.1304347826086956,3.0,0.0,1.2783086478738652,-0.11092530657748052,0.4458115936948889,35.91304347826087,0.5,0.5115942028985507,0.5,0.5217391304347826,0.13043478260869565,0.021739130434782608,0.35869565217391297,0.0,0.06521739130434782,0.3333333333333332,0.08695652173913042,0.30434782608695643,0,0,0,0.276595744680851,0.276595744680851,0.1276595744680851,0.14893617021276595,0.0425531914893617,0.14893617021276595,1,4.5,1,0.0022022906879779684,5,5,0,5,0,0.0,0.55,1.2608695652173914,1,23,3.447301869314064
https://lichess.org/rzETskN7,arturchix,0,0.0,0.22583931941074803,2.271428571428572,0,0,0,3.1142857142857143,0.4,1,1.1875,0.9056603773584906,0.3809523809523809,0.0,1.4,0.0,0.0,0.5142857142857142,5.628571428571429,0.0,0.0,0.0,2.875,0.0,1.0,0.0,0.0,0.0,0.0,31.0,0.0,0.0,0.0,0.3809523809523809,0.16666666666666666,1,1,0,0.0,2.2,2.2549804838791276,0.6285714285714286,1.0857142857142856,0.8,0.2,0.2,1.975510204081632,0.6285714285714286,0.0,0.18271605599164195,0.2571428571428571,0.7714285714285715,0.0,1.7744049601192458,0.5364353107210249,0.3672366799860498,38.714285714285715,0.524175824175824,0.4923809523809523,0.4761904761904761,0.5,0.0,0.24285714285714285,0.4714285714285714,0.057142857142857134,0.057142857142857134,0.2571428571428571,0.4,0.21904761904761896,0,0,0,0.2758620689655173,0.2413793103448276,0.1724137931034483,0.06896551724137931,0.206896551724138,0.06896551724137931,9,1.3333333333333333,0,0.0017458935622200928,4,4,0,1,0,1.0,0.3928571428571429,0.14285714285714285,1,30,3.3184058170665334
https://lichess.org/cnCS3jnM,arturchix,0,0.13636363636363635,0.4685014878794783,2.386363636363636,0,0,0,2.9545454545454546,0.0,0,0.0,0.0,-0.16,0.0,0.7727272727272727,0.0,0.0,0.0,3.0909090909090917,0.0,0.0,0.0,2.5434782608695654,0.0,1.0,0.0,0.0,0.0,0.0,51.0,0.0,0.0,0.0,0.3333333333333335,0.16666666666666666,1,1,0,0.0,3.2,2.6571648178046274,0.0,0.045454545454545456,0.0,0.13636363636363635,0.0,1.678571428571429,0.8181818181818182,0.0,0.17277786551186788,0.0,1.7727272727272727,0.0,1.3249916749916748,0.14294039294039296,0.4583123736394246,37.81818181818182,0.5087412587412588,0.4967532467532468,0.5,0.5,0.09090909090909093,0.045454545454545456,0.4545454545454545,0.13636363636363635,0.0,0.0606060606060606,0.4090909090909091,0.1212121212121212,0,0,0,0.25,0.29166666666666663,0.3333333333333333,0.125,0.0,0.041666666666666664,4,2.0,0,0.002474898838535201,2,2,0,1,0,1.0,0.6956521739130435,0.045454545454545456,0,0,3.29640375325158
https://lichess.org/x0AgFXIf,arturchix,0,0.0,0.010770975056689345,2.9714285714285715,0,0,0,1.8571428571428568,0.11428571428571427,-1,1.5666666666666669,0.0,1.0588235294117647,0.0,0.8,0.0,0.08571428571428573,0.8,3.7428571428571433,0.0,0.0,0.0,3.784313725490197,0.0,1.0,0.0,0.0,0.0,0.0,52.0,0.0,0.0,0.0,0.2142857142857142,0.05,1,1,0,0.6666666666666667,2.4,2.2104945253754136,0.028571428571428567,0.0,1.0857142857142856,0.057142857142857134,0.6666666666666667,1.9183673469387763,0.0,0.0,0.1870837015894137,1.0857142857142856,2.7428571428571438,0.0,1.5960777317920178,-0.06387897816469255,0.3773359276315903,36.51428571428571,0.5010989010989011,0.5161904761904762,0.5,0.5,0.0,0.22142857142857145,0.5357142857142857,0.12142857142857146,0.0,0.4666666666666667,0.3428571428571429,0.2571428571428571,0,0,0,0.25,0.15625,0.15625,0.15625,0.21875,0.09375,5,0.0,0,0.0017968460111317246,6,6,0,4,0,1.0,0.72,0.17142857142857146,1,35,3.567311283487754
https://lichess.org/eHcuX8NA,arturchix,0,0.0,0.0,0.0,1,0,0,3.0454545454545454,0.0,0,-1.4698795180722892,-1.617391304347826,0.3225806451612903,1.0,0.0,0.0,0.0,0.0,2.9090909090909087,0.0,0.0,0.0,2.9268292682926838,0.0,0.0,1.0,0.0,0.0,0.0,0.0,1.0,0.0,0.0,0.2653061224489797,0.1,1,-1,0,0.0,3.0,1.146872528060887,1.0,2.0,0.0,0.0,-0.33333333333333337,1.6666666666666663,1.0,0.0,0.18453839063849029,0.0,1.0,0.0,1.2689129052765418,0.09037931765204488,0.3871690401102166,36.81818181818182,0.5,0.4757575757575758,0.5,0.5454545454545454,0.0,0.25,0.045454545454545456,0.022727272727272728,0.0,0.33333333333333337,0.8181818181818182,0.09090909090909093,0,0,0,0.27118644067796616,0.06779661016949153,0.15254237288135594,0.32203389830508483,0.0847457627118644,0.11864406779661014,2,6.5,0,0.02062423343415079,6,6,0,3,0,1.0,0.45,0.2727272727272727,0,0,3.3756143156752905
https://lichess.org/nItULjQE,arturchix,0,0.0,0.03615384615384615,1.9,0,0,0,3.08,0.0,1,-0.7916666666666666,0.23376623376623376,0.4444444444444444,0.96,0.04,0.0,0.0,0.0,4.76,0.0,0.0,0.0,1.6078431372549018,0.0,0.0,1.0,0.0,0.0,0.0,0.0,50.0,0.0,0.0,0.1071428571428572,0.16666666666666666,1,1,0,0.0,2.0,1.968858186463452,0.6,0.6,1.0,0.0,-0.4285714285714286,1.8914285714285723,0.0,0.0,0.16627530839098115,0.28,2.28,0.0,1.5507912087912084,-0.1716117216117216,0.38036508093247495,35.52,0.5292307692307692,0.4975238095238095,0.5,0.52,0.5,0.22,0.07,0.12,0.0,0.3333333333333332,0.4,0.5999999999999999,0,0,0,0.2380952380952381,0.14285714285714285,0.11904761904761905,0.33333333333333337,0.07142857142857142,0.11904761904761905,9,7.0,0,0.003131428571428571,5,5,0,4,0,2.0,0.36,1.32,2,44,3.3573538933833054
https://lichess.org/RjheIP60,arturchix,1,0.0,0.314429403105646,2.3529411764705883,0,0,0,1.5588235294117647,0.0,0,0.0,0.057142857142857134,0.4,0.8529411764705882,0.0,0.0,0.0,0.05882352941176471,3.5,0.0,0.0,0.0,3.672413793103448,0.0,0.0,1.0,0.0,0.0,0.0,0.0,1.0,0.0,0.0,0.4693877551020409,0.1,1,1,0,0.0,2.8,2.389666264691788,0.029411764705882363,0.8823529411764706,1.1176470588235294,0.08823529411764706,0.0,2.03781512605042,1.0588235294117647,0.0,0.17420614786388608,0.0,2.0,0.0,1.4415075120957481,0.2963046757164404,0.3883048413281368,37.52941176470589,0.501131221719457,0.4292016806722692,0.7450980392156862,0.5,0.0,0.2794117647058824,0.25,0.02205882352941177,0.0,0.1176470588235294,0.08823529411764706,0.7352941176470589,0,0,0,0.3170731707317073,0.2195121951219512,0.12195121951219512,0.2439024390243902,0.07317073170731707,0.04878048780487805,0,0.0,0,0.002224326759361361,6,5,1,3,1,1.0,0.2413793103448276,0.7647058823529411,0,0,3.3603504557383883
https://lichess.org/pELywZt5,arturchix,0,0.3939393939393939,0.21653548471730288,3.878787878787879,0,0,0,3.196969696969697,0.30303030303030304,0,0.0,0.0,-0.08,0.060606060606060615,0.030303030303030307,0.0,0.0,0.0,3.303030303030303,0.0,0.0,0.0,3.6071428571428568,0.0,0.0,1.0,0.0,0.0,0.0,0.0,43.0,0.0,0.0,0.3877551020408163,0.1,1,1,0,0.0,1.8,1.3762914458784423,0.0,0.9090909090909092,0.7272727272727273,0.030303030303030307,0.5,1.8126262626262637,0.9393939393939394,0.0,0.17748121228189362,0.0,1.4848484848484849,0.0,2.003895599350145,0.2374655647382921,0.3509573864243346,39.90909090909091,0.4583197946834312,0.7202020202020202,0.33333333333333337,0.5,0.0,0.0,0.5606060606060606,0.26515151515151514,0.0,0.0202020202020202,0.0,0.4949494949494948,2,0,1,0.2413793103448276,0.1724137931034483,0.2413793103448276,0.13793103448275862,0.03448275862068965,0.206896551724138,7,2.0,0,0.002168806094425929,2,2,0,0,0,1.0,0.17857142857142858,0.7878787878787878,5,155,3.4209895197395217
https://lichess.org/2ynv1g9z,arturchix,0,0.0,1.1164274322169059,2.75,0,0,0,2.375,0.0,1,4.0,-0.2127659574468085,-0.4390243902439024,0.0,1.0,0.0,0.0,0.0,2.0,0.0,0.0,0.0,2.875,0.0,0.0,1.0,0.0,0.0,0.0,0.0,70.0,0.0,0.0,0.2653061224489797,0.05555555555555555,1,1,0,0.0,3.0,0.8173388193102745,0.0,0.0,0.0,0.0,-0.33333333333333337,1.5,0.75,0.0,0.1808828840327588,0.0,1.0,0.0,1.1963141025641024,-0.3068910256410257,0.4474113536613537,36.125,0.5,0.5125,0.5,0.5,0.25,0.25,0.0625,0.0,0.0,0.16666666666666666,0.5,0.0,0,0,0,0.2,0.32,0.4,0.08,0.0,0.04,7,3.0,0,0.005558894230769232,3,3,0,2,0,1.0,1.0416666666666667,0.125,0,0,3.2424024682878856
https://lichess.org/AkcbnQzN,arturchix,0,0.0,0.21125070581592328,1.565217391304348,1,0,0,3.467391304347826,0.15217391304347827,1,-2.107142857142857,-1.3488372093023255,-0.7368421052631579,0.39130434782608703,0.4782608695652174,0.0,0.08695652173913042,0.08695652173913042,5.434782608695652,0.75,0.0,0.0,3.2903225806451615,0.0,1.0,0.0,0.0,0.0,0.0,13.0,0.0,0.0,0.0,0.0,0.05,1,1,0,0.6666666666666667,1.8,2.163882000774103,0.021739130434782608,0.021739130434782608,1.891304347826087,0.17391304347826084,-0.6,1.9347826086956528,0.0,0.0,0.17912596398266495,1.2391304347826086,3.0,0.0,1.6797792786923211,0.372224755920408,0.4031039124820476,40.65217391304348,0.4998479781088477,0.4957556935817805,0.5,0.4891304347826087,0.0,0.016304347826086956,0.4021739130434783,0.16304347826086954,0.32608695652173914,0.5000000000000001,0.5,0.4202898550724636,0,0,0,0.26666666666666666,0.13333333333333333,0.13333333333333333,0.2444444444444445,0.06666666666666668,0.17777777777777778,2,1.0,0,0.0012956122065290313,8,8,0,3,0,1.0,0.7419354838709677,0.15217391304347827,1,35,3.045056080418985
https://lichess.org/Ua6Ixevp,arturchix,0,0.0,0.025564676096683017,2.1470588235294117,0,1,0,2.9852941176470584,0.1176470588235294,-1,-2.9285714285714284,0.0,0.7272727272727273,0.9411764705882352,0.8235294117647058,0.03333333333333333,0.0,0.5,7.117647058823527,0.0,0.0,0.0,2.7,0.0,1.0,0.0,0.0,0.0,0.0,30.0,0.0,0.0,0.0,0.5,0.16666666666666666,1,1,0,0.0,3.0,0.5274388323967938,0.0,0.0,1.6470588235294117,0.05882352941176471,-0.2,1.420588235294117,0.0,0.0,0.16823456523567,0.029411764705882363,2.0294117647058822,0.0,1.4007198683669273,0.2803722421369481,0.3159825526393166,37.088235294117645,0.5344941006705713,0.4665266106442578,0.5,0.4852941176470588,0.0,0.15441176470588236,0.17647058823529413,0.10294117647058824,0.0,0.3333333333333334,0.05882352941176471,0.2745098039215686,0,0,0,0.23913043478260865,0.10869565217391304,0.30434782608695643,0.17391304347826084,0.06521739130434782,0.13043478260869565,4,1.5,0,0.006311164325870206,7,7,0,4,0,1.0,0.8666666666666667,0.8823529411764706,1,21,3.1814793046459715
https://lichess.org/W1UjdIaz,arturchix,0,0.0,0.030404927122364093,2.142857142857143,0,0,0,2.107142857142857,0.7142857142857143,-1,3.0,0.0,1.037037037037037,0.0,1.0,0.0,0.0,0.07142857142857142,5.071428571428571,0.0,0.0,0.0,2.5740740740740744,0.0,1.0,0.0,0.0,0.0,0.0,1.0,0.0,0.0,0.0,0.08571428571428563,0.0625,1,1,0,0.33333333333333337,3.0,2.0240193131722006,0.2857142857142857,0.0,0.14285714285714285,0.0,0.1428571428571428,1.6326530612244898,0.0,0.0,0.16349292818812072,0.0,1.2857142857142858,0.0,1.3815202654488363,0.21186848865420296,0.3804619921088462,37.357142857142854,0.5,0.4904761904761905,0.5,0.4821428571428572,0.0,0.25,0.32142857142857145,0.05357142857142857,0.03571428571428571,0.23809523809523805,0.0,0.5595238095238094,0,0,0,0.2435897435897437,0.07692307692307691,0.08974358974358973,0.3461538461538463,0.0641025641025641,0.19230769230769235,9,1.4,0,0.0016274506389302313,6,5,1,2,0,1.0,0.2222222222222222,0.4642857142857143,1,23,3.5149828909088194
https://lichess.org/OfOhNEqx,arturchix,0,0.16129032258064516,0.18461736713634244,2.7096774193548385,0,0,0,2.2580645161290325,0.0,1,-0.05555555555555555,-0.9268292682926828,0.4,0.0,0.6451612903225806,0.0,0.0,0.0,2.935483870967741,0.0,0.0,0.0,3.2545454545454544,0.0,0.0,1.0,0.0,0.0,0.0,0.0,78.0,0.0,0.0,0.3809523809523809,0.125,1,1,0,0.0,2.0,1.5054796198188618,0.0,0.03225806451612903,0.7096774193548387,0.12903225806451613,-0.2,1.5564132104454689,0.0,0.0,0.1705311496607031,0.4838709677419355,2.3225806451612905,0.0,1.359442886862242,0.10208841337873592,0.3829084003981637,35.967741935483865,0.5137804847482267,0.4107526881720432,0.5,0.5161290322580645,0.0,0.0,0.12903225806451613,0.25,0.0967741935483871,0.6774193548387094,0.25806451612903225,0.06451612903225806,0,0,0,0.2241379310344828,0.13793103448275865,0.13793103448275865,0.13793103448275865,0.3103448275862069,0.06896551724137931,17,3.5,0,0.0029048561566771764,5,4,1,1,0,1.3333333333333333,0.4814814814814815,0.7096774193548387,0,0,3.3155745668472933
https://lichess.org/jRzAIGQl,arturchix,1,0.0,0.08986291486291485,2.725,0,0,0,1.975,0.0,-1,-2.0,0.0,0.2857142857142857,1.25,0.0,0.0,0.25,0.0,3.75,0.0,0.0,0.0,2.5,0.0,0.0,1.0,0.0,0.0,0.0,0.0,1.0,0.0,0.0,0.2857142857142858,0.08333333333333333,1,1,0,0.0,3.0,0.7887202209748468,0.0,0.0,0.0,0.0,-0.33333333333333337,1.1333333333333335,0.0,0.0,0.14931624927931472,0.0,1.8,0.0,1.0699159174159174,-0.17164169164169168,0.43240817294659795,35.2,0.5,0.4902380952380952,0.4916666666666667,0.5,0.05,0.0,0.1125,0.0,0.0,0.5333333333333334,0.2,0.16666666666666669,0,0,0,0.28205128205128205,0.2051282051282051,0.10256410256410256,0.2051282051282051,0.15384615384615385,0.07692307692307693,3,2.75,0,0.005147997835497836,6,6,0,3,0,1.0,0.45,0.8,0,0,3.3427684838309837
https://lichess.org/brunpHqk,arturchix,0,0.0,0.4198821620879019,3.1,0,0,0,0.96,0.0,0,0.0,0.3384615384615385,0.3157894736842105,0.68,0.9,0.0,0.28,0.0,4.62,0.0,0.0,0.0,3.6338028169014085,0.0,0.0,1.0,0.0,0.0,0.0,0.0,1.0,0.0,0.0,0.2857142857142858,0.08333333333333333,1,1,0,0.0,3.0,0.8195379850962903,0.0,0.0,0.88,0.0,0.0,1.3899999999999997,0.0,0.0,0.15407795599919372,0.0,2.0,0.0,1.2885427905427906,0.3447755577755578,0.38534460269027576,35.84,0.5,0.4022380952380951,0.5033333333333334,0.5,0.0,0.0,0.185,0.05,0.29,0.5333333333333335,0.19,0.3266666666666665,0,0,0,0.16279069767441856,0.20930232558139528,0.034883720930232565,0.1976744186046511,0.05813953488372092,0.34883720930232565,5,1.8,0,0.0013086707736707733,7,6,1,3,0,1.0,0.6,0.3,2,62,3.2656366598972215
https://lichess.org/brCVvTV4,arturchix,0,0.0,0.08412698412698412,2.333333333333333,0,0,0,3.333333333333333,0.0,-1,-0.9615384615384616,0.0,1.2424242424242424,0.0,0.0,0.0,0.0,0.0,3.8333333333333335,0.0,0.0,0.0,2.0,0.0,1.0,0.0,0.0,0.0,0.0,52.0,0.0,0.0,0.0,-0.1428571428571429,0.0,0,0,0,0.0,2.7,3.803879827064883,1.0,1.0,1.0,1.0,0.7142857142857142,2.5238095238095237,2.0,0.0,0.20088073945182947,0.0,2.0,0.0,1.5192307692307692,0.22649572649572644,0.383634797588286,35.666666666666664,0.5,0.5277777777777778,0.5,0.5,0.3333333333333333,0.0,0.5416666666666666,0.0,0.5,0.1111111111111111,0.5,0.2222222222222222,0,0,0,0.5882352941176471,0.2352941176470588,0.1176470588235294,0.0,0.05882352941176471,0.0,1,0.0,0,0.013684116809116813,4,4,0,3,0,1.0,0.75,1.1666666666666667,0,0,3.4683120294057788
https://lichess.org/qkavZndV,arturchix,0,0.16417910447761194,0.21349838906055912,2.8358208955223883,0,0,0,1.1194029850746268,0.0,1,-0.5714285714285714,1.3571428571428572,1.0344827586206895,0.14925373134328354,0.6268656716417911,0.0,0.0,0.31343283582089554,6.8059701492537314,0.0,0.0,0.0,3.574712643678161,0.0,0.0,1.0,0.0,0.0,0.0,0.0,77.0,0.0,0.0,0.1428571428571428,0.07142857142857142,1,1,0,0.33333333333333337,1.2000000000000002,1.9352704462401025,0.01492537313432836,0.4328358208955224,1.3582089552238803,0.3283582089552239,-1.0,2.7989161336176256,0.7761194029850746,0.0,0.2487804071400541,0.01492537313432836,1.0298507462686568,0.0,2.048399071906536,1.1095581035879551,0.4137224737556926,34.83582089552239,0.434864016580434,0.5039800995024876,0.5024875621890547,0.5,0.0,0.09701492537313433,0.2574626865671642,0.31343283582089554,0.16417910447761194,0.04975124378109453,0.34328358208955223,0.3383084577114428,0,0,0,0.28,0.22,0.1,0.22,0.12,0.08,23,4.0,0,0.0014944770953904394,6,6,0,5,0,1.0,0.4651162790697674,0.4029850746268657,3,92,2.9930767185843803
https://lichess.org/PP1Jxyc5,arturchix,0,0.25,0.3558799962292609,3.1875,0,0,0,1.4375,0.125,-1,-0.4642857142857143,0.0,0.9268292682926828,1.0,0.0,0.0,0.0,0.0,4.1875,0.35714285714285715,0.0,0.0,4.386363636363637,0.0,0.0,1.0,0.0,0.0,0.0,0.0,74.0,0.0,0.0,0.3333333333333335,0.08333333333333333,1,0,0,0.0,3.0,0.3724599528344572,0.0,0.0,0.0,0.125,-0.2,1.0104166666666667,0.0,0.0,0.1597449214019892,0.0,1.0625,0.0,1.2135416666666667,0.055288461538461536,0.4172680754917597,39.1875,0.470923174048174,0.5,0.5,0.5,0.0,0.0,0.0,0.0625,0.0,0.1875,0.1875,0.16666666666666666,1,0,0,0.17391304347826084,0.3043478260869565,0.21739130434782608,0.13043478260869565,0.17391304347826084,0.043478260869565216,6,0.0,0,0.00836964142628205,3,3,0,1,0,1.0,0.5,0.0625,0,0,3.350377417195598
https://lichess.org/O9fl46Pw,arturchix,0,0.0,0.006493506493506493,3.4545454545454546,0,0,0,2.977272727272727,0.5,0,0.0,-1.1282051282051282,-0.3809523809523809,0.09090909090909093,0.13636363636363635,0.0,0.0,0.2727272727272727,3.227272727272727,0.0,0.0,0.0,3.0,0.0,1.0,0.0,0.0,0.0,0.0,1.0,0.0,0.0,0.0,0.3809523809523809,0.1,1,1,0,0.0,2.8,1.4786535158270484,0.0,0.2272727272727273,0.7272727272727273,0.4090909090909091,-0.2,2.0222943722943723,0.4090909090909091,0.0,0.1694902709140862,0.0,2.0,0.0,1.4844322344322352,0.11771561771561778,0.3829747102474375,38.36363636363637,0.5044500953591862,0.509090909090909,0.5,0.5,0.0,0.3181818181818182,0.19318181818181812,0.0,0.0,0.5757575757575756,0.5,0.6666666666666664,0,0,0,0.5000000000000001,0.09090909090909093,0.13636363636363635,0.13636363636363635,0.13636363636363635,0.045454545454545456,1,1.0,0,0.0019508900190718368,4,4,0,2,0,1.0,0.4761904761904762,0.3181818181818182,0,0,3.502058250391581
https://lichess.org/osKS3qXk,arturchix,0,0.0,0.0,1.9473684210526316,0,0,0,2.3684210526315788,0.0,-1,-0.05,0.0,0.6666666666666666,1.0,0.0,0.0,0.0,0.10526315789473684,5.57894736842105,0.0,0.0,0.05128205128205128,3.0769230769230766,0.0,0.0,1.0,0.0,0.0,0.0,0.0,42.0,0.0,0.0,0.2857142857142858,0.08333333333333333,1,1,0,0.0,3.0,1.7945295105954948,0.21052631578947367,1.0526315789473684,0.9473684210526316,0.6842105263157895,0.2,1.3295739348370923,0.05263157894736842,0.0,0.15789364195616434,0.0,1.1052631578947372,0.0,1.2191448901975221,-0.11915102441418228,0.3628933618964957,37.89473684210526,0.5234408865987812,0.5087719298245613,0.5,0.5263157894736842,0.0,0.11842105263157895,0.21052631578947367,0.0,0.0,0.2456140350877193,0.10526315789473684,0.3333333333333332,0,0,0,0.1851851851851852,0.08641975308641975,0.037037037037037035,0.2962962962962963,0.07407407407407407,0.3333333333333333,3,2.833333333333333,0,0.0041562546410191855,7,6,1,3,0,1.0,0.7368421052631579,0.05263157894736842,0,0,3.470771588335692
https://lichess.org/6gqYhH09,arturchix,0,0.0,0.16054637015567158,2.238095238095238,0,0,0,2.7857142857142856,0.0,-1,-0.2720588235294117,0.0,-0.37209302325581395,0.42857142857142855,0.0,0.0,0.0,0.0,2.5714285714285716,0.4516129032258064,0.0,0.0,3.0769230769230766,0.0,0.0,1.0,0.0,0.0,0.0,0.0,65.0,0.0,0.0,0.1428571428571428,0.125,1,1,0,0.0,3.0,1.757210732658113,0.0,0.0,0.0,0.0,0.1428571428571428,1.5714285714285716,0.0,0.0,0.1803612807897156,0.0,2.0,0.0,1.1737984237984238,0.16874791874791872,0.4449379751900761,35.52380952380953,0.5,0.4952380952380953,0.4920634920634921,0.4761904761904762,0.0,0.0,0.25,0.0,0.0,0.4920634920634924,0.3333333333333333,0.6507936507936506,0,0,0,0.14893617021276592,0.10638297872340426,0.3404255319148936,0.07446808510638298,0.031914893617021274,0.3085106382978723,9,1.6666666666666667,4,0.002789321411770391,6,5,1,1,0,1.0,0.8461538461538461,0.6190476190476191,0,0,3.4169577306596515
https://lichess.org/UFtWZAEd,arturchix,0,0.0,0.19514207649025586,2.641509433962264,0,0,0,3.1603773584905666,0.0,0,-4.333333333333333,-0.7380952380952381,-0.8235294117647058,0.3207547169811321,0.6037735849056604,0.01492537313432836,0.1320754716981132,0.2641509433962264,6.075471698113207,0.2857142857142857,0.0,0.0,4.641791044776119,0.0,1.0,0.0,0.0,0.0,0.0,13.0,0.0,0.0,0.0,0.1428571428571428,0.045454545454545456,1,1,0,0.6666666666666667,2.0,1.943993655990408,0.0,0.0,1.3962264150943395,0.018867924528301886,-1.0,2.075471698113208,0.7169811320754716,0.0,0.1913623101278272,1.4716981132075468,3.0,0.0,1.6688151471170334,-0.09159174159174166,0.3849622928174364,39.0566037735849,0.5007256894049347,0.5036837376460018,0.5031446540880503,0.5,0.4433962264150944,0.07075471698113207,0.2452830188679245,0.02830188679245283,0.2358490566037736,0.515723270440251,0.33962264150943394,0.5534591194968556,0,0,0,0.2727272727272728,0.2727272727272728,0.13636363636363638,0.13636363636363638,0.15909090909090912,0.045454545454545456,2,1.0,1,0.001137972426687272,6,6,0,5,0,1.0,0.2727272727272727,0.7358490566037735,1,32,3.1571719946719963
https://lichess.org/y6ROOo7m,arturchix,0,0.023809523809523808,0.17417185743147698,2.619047619047619,0,0,0,3.5,0.4761904761904762,1,-2.370967741935484,-0.3191489361702128,0.8,0.047619047619047616,0.7142857142857143,0.0,0.047619047619047616,0.5238095238095238,4.285714285714286,0.0,0.0,0.0,3.324324324324324,0.0,1.0,0.0,0.0,0.0,0.0,1.0,0.0,0.0,0.0,0.1428571428571428,0.08333333333333333,1,1,0,0.33333333333333337,3.0,1.5065212830294226,0.35714285714285715,1.1904761904761905,0.8571428571428571,0.09523809523809523,0.2,1.6196145124716552,0.0,0.0,0.15897724406684802,0.0,1.0,0.0,1.5359291502148642,0.06999561285275571,0.3812917264110657,39.04761904761904,0.5074925074925074,0.4887755102040816,0.503968253968254,0.5,0.5238095238095238,0.2202380952380953,0.2857142857142857,0.011904761904761904,0.17857142857142858,0.12698412698412695,0.4642857142857143,0.11111111111111108,0,0,0,0.2,0.2,0.24,0.22,0.1,0.06,17,1.2,0,0.002262230871924749,5,5,0,3,0,1.5,0.35135135135135137,0.2619047619047619,1,25,3.2619949419949434
https://lichess.org/Suzd06vW,arturchix,0,0.08888888888888889,0.4739296466015517,2.355555555555556,0,0,0,3.7555555555555564,0.0,-1,-3.227272727272727,0.30985915492957744,-0.9629629629629628,0.1111111111111111,0.5777777777777777,0.0,0.0,0.0,3.4222222222222216,0.8666666666666667,0.0,0.0,0.7301587301587301,0.0,1.0,0.0,0.0,0.0,0.0,13.0,0.0,0.0,0.0,0.0,0.027777777777777776,1,0,0,0.6666666666666667,3.0,2.155285661326095,0.0,0.0,0.37777777777777777,0.022222222222222227,-0.6666666666666667,1.5333333333333328,0.0,0.0,0.22519630474950345,0.8,2.8,0.0,1.3473433973433977,-0.223086173086173,0.42433953304588096,35.266666666666666,0.536674436674437,0.5075132275132275,0.5,0.5,0.03333333333333333,0.1388888888888889,0.25555555555555554,0.0,0.0,0.7037037037037038,0.15555555555555556,0.10370370370370367,0,0,0,0.22448979591836726,0.24489795918367346,0.22448979591836726,0.16326530612244894,0.040816326530612235,0.12244897959183673,0,4.0,0,0.0017362927098376838,6,6,0,5,0,1.0,0.25806451612903225,0.5555555555555556,0,0,3.3768813623178686
https://lichess.org/c58PVLrc,arturchix,0,0.14285714285714285,0.18081065759637185,2.4047619047619047,1,0,0,3.071428571428572,0.0,1,0.6666666666666666,-1.0352941176470591,0.6808510638297872,0.5238095238095238,0.0,0.0,0.0,0.0,4.238095238095238,0.3684210526315789,0.0,0.0,0.6326530612244898,0.0,1.0,0.0,0.0,0.0,0.0,30.0,0.0,0.0,0.0,0.2380952380952379,0.16666666666666666,1,1,0,0.0,3.2,1.5102845551009056,0.0,0.0,1.4761904761904765,0.0,-0.4285714285714286,1.8979591836734693,0.0,0.0,0.16823661638663154,0.0,2.0,0.0,1.6535845107273683,0.2853654282225713,0.4045510252989388,37.095238095238095,0.5705128205128206,0.501360544217687,0.507936507936508,0.5,0.5,0.25,0.25,0.0,0.0,0.3333333333333332,0.19047619047619047,0.3968253968253969,0,0,0,0.2888888888888889,0.15555555555555556,0.2888888888888889,0.11111111111111112,0.022222222222222227,0.15555555555555556,6,2.0,0,0.0042693512081267175,5,5,0,4,0,1.0,0.5,0.047619047619047616,0,0,3.426211719119883
https://lichess.org/y9m1cgnd,arturchix,0,0.0,0.0832516898306372,2.2894736842105257,0,0,0,2.2105263157894743,0.05263157894736842,-1,-0.5,0.0,0.9473684210526316,0.4736842105263158,0.15789473684210525,0.0,0.0,1.0,4.105263157894736,0.25925925925925924,0.0,0.0,3.0434782608695654,0.0,1.0,0.0,0.0,0.0,0.0,0.0,0.0,0.0,0.0,0.2,0.041666666666666664,1,1,0,0.6666666666666667,2.0,2.6545210855034123,0.15789473684210525,0.0,0.0,1.7368421052631582,0.4285714285714286,2.220864661654136,1.7368421052631582,0.0,0.18854847756388002,0.0,1.4736842105263157,0.0,1.6971804511278201,0.04226190476190474,0.4932052559053416,41.31578947368421,0.5058029689608636,0.5037593984962406,0.5,0.5,0.5,0.03947368421052632,0.42105263157894735,0.013157894736842105,0.5,0.6140350877192982,0.2894736842105263,0.26315789473684204,0,1,1,0.3333333333333333,0.2083333333333333,0.2083333333333333,0.125,0.125,0.041666666666666664,1,0.0,0,0.0024335784637031176,2,2,0,2,0,0.0,1.3478260869565215,1.5789473684210529,0,0,3.379958415175807
https://lichess.org/7LsDvYs3,arturchix,0,0.016129032258064516,0.19383106698043376,2.870967741935484,0,0,1,1.5080645161290325,0.5967741935483871,1,-1.2307692307692308,0.0,0.7368421052631579,0.3225806451612903,0.7903225806451613,0.0,0.0,0.25806451612903225,3.3870967741935485,0.0,0.0,0.0,3.9753086419753085,0.0,1.0,0.0,0.0,0.0,0.0,40.0,0.0,0.0,0.0,0.2571428571428573,0.1,1,1,0,0.33333333333333337,3.0,1.3842981487532695,0.016129032258064516,0.016129032258064516,2.6129032258064515,0.04838709677419355,0.2,1.6831029185867872,0.03225806451612903,0.0,0.17103723107474045,0.16129032258064516,2.161290322580645,0.0,1.3318525560461043,0.09098616437326114,0.3735607450481772,36.145161290322584,0.5219628042208694,0.57599846390169,0.4112903225806447,0.5,0.06451612903225806,0.14516129032258066,0.2661290322580645,0.0,0.0,0.3655913978494622,0.08870967741935484,0.4784946236559143,0,0,0,0.2,0.24,0.14,0.16,0.22,0.06,1,4.0,0,0.0010825016554725198,5,5,0,3,0,1.0,0.375,0.8064516129032258,1,26,3.1422335430154376
https://lichess.org/ghslE54k,arturchix,0,0.0,0.008693415637860082,2.4074074074074074,0,0,0,3.3703703703703702,0.3703703703703704,-1,0.8214285714285714,0.4307692307692308,0.21052631578947367,0.6666666666666666,0.0,0.0,0.0,0.0,4.037037037037037,0.0,0.0,0.0,3.3404255319148937,0.0,1.0,0.0,0.0,0.0,0.0,1.0,0.0,0.0,0.0,0.3142857142857143,0.045454545454545456,-1,1,0,0.6666666666666667,2.5,1.0796133834742832,0.0,0.3333333333333333,0.6296296296296297,0.2222222222222222,0.0,1.5306878306878309,0.4074074074074074,0.0,0.17058975721418326,0.0,1.148148148148148,0.0,1.56083340527785,-0.08943854499410045,0.315091384682028,39.14814814814815,0.4964171630838298,0.5061728395061729,0.4938271604938271,0.5,0.0,0.0,0.1574074074074074,0.2777777777777778,0.16666666666666666,0.29629629629629617,0.0,0.4074074074074075,0,0,0,0.26829268292682923,0.12195121951219512,0.12195121951219512,0.17073170731707316,0.2195121951219512,0.12195121951219512,11,1.0,0,0.005375960725754965,6,6,0,2,0,1.0,0.39130434782608703,1.1851851851851851,1,25,3.506975148570892
https://lichess.org/piQREPkA,arturchix,1,0.0,0.1842401960260452,2.414634146341464,0,0,0,1.9268292682926829,0.0,0,-0.625,1.5,0.8,0.975609756097561,0.0,0.016393442622950817,0.14634146341463414,0.04878048780487805,5.634146341463414,0.0,0.0,0.0,2.4918032786885247,0.0,0.0,1.0,0.0,0.0,0.0,0.0,78.0,0.0,0.0,0.3809523809523809,0.125,1,1,0,0.0,1.2000000000000002,2.7089144417071185,0.4634146341463415,0.4878048780487805,1.195121951219512,0.2195121951219512,0.4285714285714286,2.050522648083624,0.0,0.0,0.19260326946987852,0.0,2.0,0.0,1.6321495577593137,0.18113999821316887,0.4091419380865752,35.73170731707317,0.4991869918699188,0.5016260162601626,0.5040650406504066,0.5,0.0,0.25,0.25,0.2378048780487805,0.0,0.2601626016260163,0.9390243902439024,0.4308943089430896,0,0,0,0.2195121951219512,0.2439024390243902,0.0975609756097561,0.19512195121951212,0.19512195121951212,0.07317073170731707,4,4.0,0,0.001358601739327498,5,5,0,3,0,1.0,0.6,0.975609756097561,1,36,3.133309081628754
https://lichess.org/a3AwYygl,arturchix,0,0.25925925925925924,0.13121059144450958,2.4259259259259256,0,0,0,3.037037037037037,0.0,-1,0.7727272727272727,1.625,0.9411764705882352,0.0,0.0,0.0,0.0,0.0,2.7037037037037037,0.0,0.0,0.0,4.52,0.0,1.0,0.0,0.0,0.0,0.0,31.0,0.0,0.0,0.0,0.3809523809523809,0.125,1,0,0,0.0,3.2,1.7599017834011463,0.2222222222222222,1.148148148148148,0.1111111111111111,0.2222222222222222,0.0,2.026455026455026,1.1851851851851851,0.0,0.1914302427448011,0.0,1.037037037037037,0.0,1.9370925370925376,0.15901999235332573,0.3836944475127699,40.03703703703704,0.571902788569455,0.4901234567901235,0.39506172839506176,0.5,0.05555555555555555,0.25925925925925924,0.3333333333333333,0.08333333333333333,0.0,0.3580246913580247,0.4259259259259259,0.18518518518518515,0,0,0,0.31034482758620696,0.206896551724138,0.1724137931034483,0.06896551724137931,0.2413793103448276,0.03448275862068965,3,1.0,1,0.006429650976976081,5,5,0,2,0,1.3333333333333333,0.4,0.6296296296296297,0,0,3.1402520720020752
https://lichess.org/NOOGo03y,arturchix,0,0.0,0.1489010989010989,2.7941176470588243,0,1,0,1.9117647058823528,0.9411764705882352,1,-3.0,-1.5,-0.42105263157894735,0.29411764705882354,0.0,0.0,0.0,0.1176470588235294,3.1764705882352944,0.5714285714285714,0.0,0.041666666666666664,3.1041666666666665,1.0,0.0,0.0,0.0,0.0,1.0,0.0,0.0,0.0,0.0,-0.0714285714285714,0.0,0,0,0,0.0,3.4,1.4776968012866123,0.0,0.029411764705882363,2.264705882352941,0.14705882352941174,0.0,1.8096988795518207,0.14705882352941174,0.0,0.17467047711648712,0.0,2.0,0.0,1.4072574484339189,0.3300728683081623,0.4129197523040026,35.470588235294116,0.4978883861236802,0.5323529411764706,0.4754901960784314,0.5,0.0,0.0,0.02205882352941177,0.25735294117647056,0.08823529411764706,0.3333333333333334,0.9852941176470588,0.4509803921568627,0,0,0,0.4,0.2,0.12,0.0,0.24,0.04,1,3.0,0,0.0017572930721719644,4,4,0,1,0,1.0,0.7083333333333334,0.2352941176470588,1,35,3.468212154357988
https://lichess.org/GEDQwocW,arturchix,0,0.0,0.2709544009683027,1.8235294117647056,0,0,0,4.823529411764706,0.0,-1,-1.631578947368421,0.3157894736842105,0.6086956521739131,0.7058823529411765,0.0,0.0,0.05882352941176471,0.0,4.0,0.0,0.0,0.0,3.630434782608696,0.0,0.0,1.0,0.0,0.0,0.0,0.0,6.0,0.0,0.0,0.0,0.05,1,1,0,0.33333333333333337,3.0,1.7080756244889488,0.0,1.0,0.5882352941176471,0.0,-0.6666666666666667,1.4705882352941175,0.0,0.0,0.15942280241911694,0.0,1.5882352941176472,0.0,1.2353832442067738,0.22406417112299465,0.3949074402919697,36.882352941176464,0.5,0.5,0.4607843137254902,0.5,0.0,0.0,0.25,0.04411764705882353,0.0,0.3137254901960784,0.9117647058823528,0.0,0,0,0,0.30508474576271194,0.2542372881355933,0.10169491525423728,0.0847457627118644,0.06779661016949153,0.20338983050847464,0,1.0,0,0.003738946559015764,7,6,1,2,1,1.0,0.5217391304347826,0.9411764705882352,0,0,3.3891785891242434
https://lichess.org/WudmIFfl,arturchix,0,0.0,0.2868018648018648,3.3,0,0,0,4.2,0.0,-1,-2.1875,0.0,0.6086956521739131,0.55,0.0,0.0,0.0,0.25,3.85,0.0,0.0,0.0,3.0638297872340425,0.0,0.0,1.0,0.0,0.0,0.0,0.0,6.0,0.0,0.0,0.0,0.05,1,1,0,0.33333333333333337,3.0,0.6579417203861397,0.0,0.2,0.15,0.1,0.6000000000000001,1.1466666666666665,0.0,0.0,0.15198223761966054,0.0,1.25,0.0,1.1623543123543123,0.3728729603729604,0.40342614356057976,35.45,0.4977272727272728,0.495,0.5083333333333333,0.525,0.0,0.0,0.25,0.0125,0.0,0.05,0.7,0.2,0,0,0,0.3636363636363636,0.18181818181818185,0.09090909090909093,0.13636363636363638,0.09090909090909093,0.15909090909090912,0,1.0,0,0.004931381118881121,7,7,0,3,0,1.0,0.8695652173913043,0.7,0,0,3.3151767676767685
https://lichess.org/bfVncwhZ,arturchix,0,0.0,0.17158878702996352,1.935483870967742,0,0,1,1.2419354838709675,0.7741935483870968,0,1.25,0.56,0.9473684210526316,0.3225806451612903,0.03225806451612903,0.0,0.0,0.0,4.806451612903227,0.0,0.0,0.0,2.78,0.0,1.0,0.0,0.0,0.0,0.0,7.0,0.0,0.0,0.0,0.1428571428571428,0.07142857142857142,1,1,0,0.33333333333333337,3.2,2.273503731781376,0.03225806451612903,0.03225806451612903,0.1935483870967742,0.8064516129032258,0.5,2.075230414746544,0.1935483870967742,0.0,0.1933851474230781,0.0,0.12903225806451613,0.0,1.5414936765743217,0.5510232151361183,0.3912876731008324,35.67741935483871,0.4806426548362033,0.5001536098310292,0.5053763440860215,0.5,0.04838709677419355,0.008064516129032258,0.2983870967741936,0.28225806451612906,0.0,0.16129032258064513,0.1774193548387097,0.8279569892473118,0,0,0,0.4074074074074074,0.2222222222222222,0.1851851851851852,0.1111111111111111,0.037037037037037035,0.07407407407407407,1,4.0,0,0.002172956668831502,7,7,0,4,0,1.0,1.28,0.3870967741935484,1,38,3.0360287601287617
https://lichess.org/8d2yHM6i,arturchix,0,0.0,0.01128167641325536,2.2604166666666665,0,0,1,2.677083333333333,0.0625,0,-0.14583333333333334,1.139240506329114,0.9473684210526316,0.3333333333333333,0.5625,0.014492753623188406,0.125,0.125,6.145833333333332,0.0,0.0,0.0,3.710144927536232,0.0,1.0,0.0,0.0,0.0,0.0,7.0,0.0,0.0,0.0,0.19047619047619047,0.08333333333333333,1,1,0,0.33333333333333337,0.2,2.3071646832572354,0.0,0.3333333333333333,0.3541666666666667,0.8125,0.3333333333333333,2.4596478174603167,1.4166666666666667,0.0,0.19374620926456607,0.0,1.0,0.0,1.7904083474395969,0.2989897255522255,0.3429782064221598,36.770833333333336,0.4594425250675248,0.4952380952380953,0.4861111111111109,0.5034722222222222,0.3333333333333333,0.0,0.4322916666666667,0.1927083333333333,0.0,0.2083333333333333,0.07291666666666667,0.4374999999999998,0,1,1,0.30952380952380953,0.09523809523809523,0.21428571428571427,0.14285714285714285,0.21428571428571427,0.047619047619047616,5,1.0,2,0.00836163085977074,4,4,0,2,0,1.0,0.9705882352941176,0.0625,0,0,3.117332771897992
https://lichess.org/nk47sDpm,arturchix,0,0.0,0.006439393939393939,2.65,0,0,0,2.15,0.8,1,1.4745762711864407,-0.6923076923076923,0.2424242424242425,0.0,1.2,0.0,0.3,0.4,5.3,0.0,0.0,0.0,3.6458333333333335,0.0,1.0,0.0,0.0,0.0,0.0,30.0,0.0,0.0,0.0,0.2380952380952379,0.16666666666666666,1,1,0,0.0,2.6,1.7888335092597962,1.0,1.0,1.7,0.0,-0.6666666666666667,1.7833333333333332,0.0,0.0,0.17465973872371282,0.0,1.7,0.0,1.3995454545454546,0.4071969696969697,0.3352380952380952,35.15,0.5,0.4916666666666667,0.5,0.525,0.0,0.0,0.3625,0.25,0.025,0.5333333333333333,0.25,0.1,0,0,0,0.20779220779220786,0.03896103896103896,0.3506493506493507,0.23376623376623384,0.05194805194805195,0.12987012987012989,2,1.0,0,0.0033058712121212122,5,5,0,1,0,1.0,0.5416666666666666,0.15,0,0,3.5077092313550637
https://lichess.org/uzxFSdK7,arturchix,0,0.0,0.06501146100846178,2.5625,0,0,0,2.375,0.0,1,-1.7261904761904765,0.2,0.6086956521739131,0.21875,1.375,0.0,0.390625,0.3125,5.921875,0.0,0.0,0.01098901098901099,4.956043956043956,0.0,0.0,1.0,0.0,0.0,0.0,0.0,6.0,0.0,0.0,0.0,0.05,1,1,0,0.33333333333333337,2.0,1.5889357780809672,0.78125,1.25,0.640625,0.09375,0.0,1.8880208333333337,0.015625,0.0,0.18552473337278946,0.0,1.546875,0.0,1.350793260558886,0.06507680687368186,0.3637151969090354,36.78125,0.4559873286435782,0.4828124999999999,0.5130208333333334,0.5078125,0.015625,0.03515625,0.234375,0.171875,0.0,0.22395833333333345,0.2890625,0.4374999999999996,2,0,1,0.2345679012345679,0.08641975308641975,0.09876543209876544,0.1851851851851852,0.13580246913580246,0.2716049382716049,7,1.6666666666666667,0,0.0012433740033837696,6,6,0,2,0,1.0,0.26666666666666666,0.265625,2,61,3.1325896688442487
https://lichess.org/smsqnUl9,arturchix,0,0.0,0.12079432912766246,1.3333333333333333,0,0,0,2.9259259259259265,1.037037037037037,1,0.9411764705882352,0.3076923076923077,0.35294117647058826,0.0,0.14814814814814814,0.0,0.0,0.2962962962962963,3.333333333333333,0.0,0.0,0.0,2.6296296296296298,0.0,0.0,1.0,0.0,0.0,0.0,0.0,78.0,0.0,0.0,0.2857142857142858,0.125,1,1,0,0.0,2.4000000000000004,3.421933582661754,0.0,0.0,0.5185185185185185,0.5185185185185185,-0.1428571428571429,1.8419312169312168,0.4074074074074074,0.0,0.16534186074190807,0.9259259259259259,3.333333333333333,0.0,1.6428435761769098,-0.0415343915343916,0.4400482194709207,38.25925925925926,0.5332383665716999,0.4901234567901235,0.5,0.5,0.0,0.0,0.5370370370370371,0.07407407407407407,0.0,0.2716049382716049,0.0925925925925926,0.4567901234567899,0,0,0,0.28571428571428564,0.17857142857142855,0.24999999999999994,0.14285714285714285,0.14285714285714285,0.03571428571428571,10,2.75,0,0.0020360697829833628,4,4,0,1,0,1.0,0.5925925925925926,1.3703703703703705,0,0,3.4034171435560334
https://lichess.org/anal1nzE,arturchix,0,0.0,0.0,0.0,1,0,0,3.7708333333333335,0.0,-1,1.5,-0.11235955056179776,0.43478260869565216,0.0,0.5,0.0,0.0,0.0,7.041666666666668,0.0,0.0,0.0,3.608695652173913,0.0,0.0,1.0,0.0,0.0,0.0,0.0,10.0,0.0,0.0,0.08571428571428563,0.07142857142857142,1,1,0,0.33333333333333337,3.0,2.228615253449144,0.0,0.0,0.0,0.0,-0.4285714285714286,1.4285714285714284,0.0,0.0,0.1614650331845458,1.0,3.0,0.0,1.5442266067266068,0.23427960927960925,0.3343349487404366,40.04166666666666,0.5764374514374515,0.44027777777777777,0.5,0.5,0.0,0.0,0.3333333333333333,0.13541666666666666,0.25,0.3333333333333332,0.25,0.0,1,1,1,0.2857142857142857,0.1020408163265306,0.16326530612244894,0.30612244897959184,0.061224489795918366,0.1020408163265306,6,6.0,0,0.003175802785177784,4,4,0,1,0,1.0,0.21739130434782608,1.1666666666666667,0,0,3.417019860172036
https://lichess.org/13qO73Xb,arturchix,0,0.0,0.19593366670629464,1.0294117647058822,1,0,1,2.323529411764706,0.4705882352941176,-1,-2.2058823529411766,0.0,0.18181818181818185,0.0392156862745098,0.0,0.0,0.0,0.6274509803921569,2.9607843137254903,0.06666666666666668,0.0,0.0,3.9393939393939386,0.0,0.0,1.0,0.0,0.0,0.0,0.0,0.0,0.0,0.0,0.0,0.08333333333333333,1,1,0,0.33333333333333337,2.2,2.3247077565471823,0.0,0.3725490196078432,1.7254901960784317,0.0784313725490196,-0.2,2.2522175536881432,1.4509803921568627,0.0,0.1982650322613956,0.5294117647058824,2.176470588235294,0.0,1.7130582652641468,0.7508522251169311,0.4208179593028368,34.882352941176464,0.5276817953288547,0.4402894491129781,0.5032679738562091,0.5,0.0,0.0,0.27450980392156865,0.2107843137254902,0.29411764705882354,0.2418300653594772,0.5,0.4705882352941177,0,0,0,0.2745098039215685,0.1568627450980392,0.13725490196078433,0.19607843137254896,0.19607843137254896,0.05882352941176471,8,0.0,0,0.0015841275264162071,5,4,1,3,0,1.0,0.4545454545454545,1.0,0,0,3.2386396254325547
https://lichess.org/Xhfe9dJC,arturchix,0,0.0,0.020833333333333332,0.0,1,1,0,3.6875,0.5625,1,3.375,-1.0515463917525774,-0.42424242424242425,0.375,0.125,0.0,0.0,0.0,5.4375,0.0,0.0,0.0,2.625,0.0,0.0,1.0,0.0,0.0,0.0,0.0,2.0,0.0,0.0,-0.26530612244897955,0.05,1,1,0,0.33333333333333337,1.6,0.6324555320336759,0.0,0.0,2.0,0.0,-0.6,2.3999999999999995,0.0,0.0,0.18822905083263844,0.0,2.0,0.0,1.6104797979797976,0.23014520202020197,0.2890383087570989,36.125,0.4545454545454544,0.4833333333333333,0.5,0.46875,0.0,0.25,0.0625,0.5,0.0,0.5625000000000002,0.3125,0.0,0,0,0,0.2352941176470588,0.05882352941176471,0.2352941176470588,0.13725490196078433,0.0196078431372549,0.3333333333333332,2,4.0,0,0.0054016729797979795,6,6,0,2,0,1.0,0.5833333333333334,0.375,2,56,3.3812751099209426
https://lichess.org/bDtFXXrt,arturchix,0,0.2631578947368421,0.2710562619927944,2.2105263157894743,0,0,0,3.276315789473684,0.0,-1,2.34375,0.0,-0.6451612903225806,0.631578947368421,0.02631578947368421,0.0,0.2631578947368421,0.0,4.973684210526316,0.0,0.0,0.0,0.7833333333333333,0.0,1.0,0.0,0.0,0.0,0.0,51.0,0.0,0.0,0.0,0.3333333333333335,0.16666666666666666,1,0,0,0.0,3.2,1.3726438867496384,0.0,0.18421052631578946,0.5526315789473685,0.10526315789473684,0.2,1.661152882205514,0.3684210526315789,0.0,0.19381888444444345,0.0,1.4210526315789471,0.0,1.5282848730217151,-0.04473903289692759,0.3926109385354561,33.31578947368421,0.5192818877029404,0.5026315789473684,0.5,0.5131578947368421,0.3026315789473684,0.14473684210526316,0.25,0.013157894736842105,0.0,0.23684210526315785,0.4473684210526316,0.0,0,0,0,0.25806451612903225,0.25806451612903225,0.29032258064516125,0.16129032258064516,0.03225806451612903,0.03225806451612903,6,0.0,0,0.0058044285277664785,5,5,0,4,0,1.0,0.4,0.0,0,0,3.4053296502879844
https://lichess.org/GoNi0lzm,arturchix,0,0.0,0.018823624292374292,0.5625,1,0,0,3.859375,0.40625,-1,-2.6666666666666665,-0.7234042553191491,0.5185185185185185,1.625,0.21875,0.3928571428571429,0.0,0.125,7.65625,0.0,0.0,0.0,4.125,0.0,0.0,1.0,0.0,0.0,0.0,0.0,7.0,0.0,0.0,0.22448979591836732,0.08333333333333333,1,1,0,0.33333333333333337,3.0,0.4930584322847124,0.0,0.375,0.0,0.0,0.3333333333333333,1.1458333333333333,0.0,0.0,0.16358753438245638,0.0,1.15625,0.0,1.7215940309690314,0.9942295551670552,0.3648257159056391,41.96875,0.399005681818182,0.4604166666666668,0.5364583333333333,0.5,0.0,0.0,0.09375,0.0703125,0.0,0.0,0.21875,0.5625,0,0,0,0.10869565217391304,0.13043478260869565,0.28260869565217384,0.28260869565217384,0.19565217391304346,0.021739130434782608,22,2.6666666666666665,0,0.006947721332486954,4,3,1,1,0,1.0,0.35714285714285715,0.71875,0,0,3.419144722671508
https://lichess.org/G1R9AAA9,arturchix,0,0.0,0.07301032301032301,0.5454545454545454,1,0,0,2.636363636363636,0.0,-1,0.0,0.0,0.3703703703703704,0.0,0.4545454545454545,0.0,0.0,0.0,3.1818181818181817,0.0,0.0,0.0,2.216216216216216,0.0,0.0,1.0,0.0,0.0,0.0,0.0,78.0,0.0,0.0,0.3809523809523809,0.125,1,1,0,0.0,3.0,2.8776508531806324,0.4545454545454545,0.0,1.4545454545454546,0.6363636363636364,0.25,1.8863636363636365,0.0,0.0,0.17131950537578533,0.0,2.0,0.0,1.4575091575091577,-0.17818847818847813,0.42831869576055615,37.81818181818182,0.5,0.5393939393939394,0.5,0.5,0.3181818181818182,0.0,0.2954545454545455,0.0,0.0,0.7575757575757578,0.9545454545454546,0.4242424242424242,0,0,0,0.25490196078431365,0.09803921568627452,0.09803921568627452,0.19607843137254896,0.1568627450980392,0.21568627450980388,10,2.1818181818181817,1,0.005495136176954358,5,4,1,3,0,1.0,0.9444444444444444,0.8181818181818182,0,0,3.500460377960378
https://lichess.org/jWKbS4z6,arturchix,0,0.2571428571428571,0.3659141271589205,2.142857142857143,1,0,1,2.8142857142857145,0.4857142857142857,0,0.0,0.0,0.6122448979591837,0.0,0.9714285714285714,0.0,0.0,0.4,2.914285714285714,0.0,0.0,0.0,2.0508474576271185,0.0,0.0,1.0,0.0,0.0,0.0,0.0,0.0,0.0,0.0,0.2857142857142858,0.08333333333333333,1,1,0,0.33333333333333337,1.8,0.9461655985432548,0.028571428571428567,0.2285714285714285,1.2285714285714286,0.5714285714285714,-0.2,1.85578231292517,0.6285714285714286,0.0,0.20062123076343635,0.057142857142857134,2.057142857142857,0.0,1.6526949241234956,0.22821844821844825,0.4132634079548459,37.54285714285713,0.5075924075924075,0.5506122448979593,0.5619047619047618,0.2857142857142857,0.0,0.11428571428571427,0.2285714285714285,0.12142857142857146,0.2857142857142857,0.2857142857142857,0.07142857142857142,0.3714285714285717,0,0,0,0.3783783783783784,0.2972972972972973,0.16216216216216214,0.08108108108108109,0.08108108108108109,0.027027027027027032,1,3.0,0,0.0028261856057774427,3,3,0,3,0,0.0,0.7586206896551724,0.7142857142857143,0,0,3.137251627844848
https://lichess.org/DFmUdrbd,arturchix,0,0.0,0.0,3.3809523809523814,0,0,0,3.333333333333333,0.4761904761904762,-1,-4.0,0.0,0.5185185185185185,0.0,1.0,0.0,0.0,0.047619047619047616,4.333333333333333,0.0,0.0,0.02127659574468085,2.9148936170212765,0.0,0.0,1.0,0.0,0.0,0.0,0.0,7.0,0.0,0.0,0.22448979591836732,0.08333333333333333,1,1,0,0.33333333333333337,2.3,0.6551736323342785,0.0,0.0,0.2380952380952381,0.0,-0.6666666666666667,1.4126984126984132,0.0,0.0,0.15849778138101536,0.2380952380952381,2.238095238095238,0.0,1.5242257742257743,0.21997446997446998,0.3596457900805725,40.57142857142857,0.5,0.5031746031746032,0.5,0.5238095238095238,0.0,0.0,0.3690476190476191,0.2023809523809524,0.35714285714285715,0.3015873015873015,0.2380952380952381,0.3015873015873015,0,0,0,0.16901408450704228,0.36619718309859145,0.07042253521126761,0.09859154929577464,0.056338028169014086,0.25352112676056343,11,1.0,0,0.006160946637137112,6,5,1,3,1,1.0,0.5217391304347826,0.8095238095238095,1,34,3.441454839486753
https://lichess.org/SCDDmMzH,arturchix,0,0.0,0.042513673195491375,3.333333333333333,0,0,0,2.833333333333333,0.0,-1,-2.96,0.0,0.5185185185185185,0.7575757575757576,0.9393939393939394,0.0,0.0,0.2424242424242425,6.242424242424242,0.0,0.0,0.0,3.9661016949152543,0.0,0.0,1.0,0.0,0.0,0.0,0.0,7.0,0.0,0.0,0.22448979591836732,0.08333333333333333,1,1,0,0.33333333333333337,1.5,0.32738013668407817,0.0,0.3636363636363637,0.030303030303030307,0.09090909090909093,1.0,1.1090909090909091,0.0,0.0,0.15094040526239327,0.0,1.4848484848484849,0.0,1.3604771491135126,0.4551717642626733,0.3511099602056317,38.48484848484848,0.43207835935108657,0.5121212121212122,0.4898989898989899,0.5,0.0,0.0,0.19696969696969696,0.09848484848484848,0.0,0.3838383838383841,0.060606060606060615,0.505050505050505,0,0,0,0.2,0.2333333333333333,0.16666666666666666,0.2333333333333333,0.13333333333333333,0.06666666666666668,6,1.25,0,0.003257449366264793,3,3,0,1,0,1.0,0.6551724137931034,0.5757575757575758,1,34,3.4077264402264387
https://lichess.org/b8ZUDKHR,arturchix,0,0.1111111111111111,0.036446698020772085,2.4259259259259256,0,0,0,2.0370370370370368,0.0,-1,-1.880952380952381,0.0,0.7317073170731707,0.8888888888888888,0.07407407407407407,0.031746031746031744,0.0,0.0,6.333333333333332,0.0,0.0,0.0,0.9841269841269841,0.0,0.0,1.0,0.0,0.0,0.0,0.0,78.0,0.0,0.0,0.015873015873015817,0.125,1,1,0,0.0,3.0,1.7921295860500397,0.1851851851851852,1.1111111111111112,0.07407407407407407,0.07407407407407407,0.5,2.05925925925926,0.3703703703703704,0.0,0.1794831956940683,0.0,1.2592592592592593,0.0,1.4878500100722318,0.5969639414083858,0.35927666519926177,37.5925925925926,0.5454545454545453,0.5037037037037037,0.4938271604938272,0.5185185185185185,0.0,0.2314814814814815,0.3055555555555556,0.0,0.0,0.02469135802469136,0.018518518518518517,0.7901234567901233,0,0,0,0.2564102564102564,0.23076923076923075,0.17948717948717946,0.28205128205128205,0.02564102564102564,0.05128205128205128,6,4.4,0,0.0031702999535647,6,6,0,5,0,1.0,0.6129032258064516,1.5555555555555556,1,23,3.1019904111173946
https://lichess.org/Jyh4Onbn,arturchix,0,0.0,0.013345529599399568,1.7058823529411764,0,0,0,3.5,0.05882352941176471,-1,2.1666666666666665,0.0,0.1935483870967742,1.0,0.0,0.0,0.0,0.0,5.352941176470588,0.0,0.0,0.0,2.5531914893617023,0.0,0.0,1.0,0.0,0.0,0.0,0.0,78.0,0.0,0.0,0.1836734693877553,0.125,1,1,0,0.0,3.2,1.8921717421025808,0.05882352941176471,0.0,0.6470588235294118,0.29411764705882354,0.0,1.908963585434173,0.05882352941176471,0.0,0.17417394351092205,0.17647058823529413,2.176470588235294,0.0,1.4299426064131948,0.19498638616285674,0.3988288411063735,39.882352941176464,0.502262443438914,0.5156862745098039,0.5,0.5294117647058824,0.0,0.25,0.4117647058823529,0.0,0.0,0.6274509803921567,0.29411764705882354,0.2549019607843137,0,0,0,0.2586206896551725,0.06896551724137931,0.13793103448275865,0.43103448275862055,0.03448275862068965,0.08620689655172414,33,6.0,0,0.008033056908489433,7,6,1,5,1,1.0,0.6956521739130435,0.35294117647058826,0,0,3.431277308192203
https://lichess.org/W0hHK16c,arturchix,0,0.07317073170731707,0.013890557075635985,1.6219512195121952,0,0,1,2.231707317073171,0.6585365853658537,-1,0.0,-0.6896551724137931,0.8,1.146341463414634,0.0,0.4246575342465753,0.14634146341463414,0.04878048780487805,6.634146341463414,0.0,0.0,0.0,2.547945205479452,0.0,1.0,0.0,0.0,0.0,0.0,40.0,0.0,0.0,0.0,0.3015873015873016,0.125,1,1,0,0.0,1.4,2.729266336039037,0.2195121951219512,0.0,1.1219512195121952,0.12195121951219512,0.0,2.2874564459930307,1.7073170731707317,0.0,0.20531103090372613,0.2926829268292683,1.8536585365853655,0.0,2.1528703004312755,0.22442516832760734,0.40931519092106416,42.39024390243903,0.49906191369606,0.5006968641114983,0.4390243902439024,0.7073170731707317,0.0975609756097561,0.0,0.3414634146341464,0.5,0.0,0.1382113821138211,0.8292682926829268,0.06504065040650406,0,0,0,0.23913043478260865,0.13043478260869565,0.23913043478260865,0.17391304347826084,0.17391304347826084,0.06521739130434782,0,1.0,2,0.0015144418341919825,4,4,0,2,0,1.0,0.19444444444444445,1.5121951219512195,1,22,3.1702890779945574
https://lichess.org/tyt2TGag,arturchix,0,0.0,0.2470381322692247,2.8285714285714287,0,1,1,1.0285714285714285,0.4571428571428571,-1,1.3333333333333333,0.0,-0.56,0.0,0.0,0.0,0.0,0.08571428571428573,4.628571428571429,0.0,0.0,0.0,3.117647058823529,1.0,0.0,0.0,0.0,0.0,1.0,0.0,0.0,0.0,0.0,0.02857142857142869,0.07142857142857142,1,1,0,0.33333333333333337,2.2,3.0218128837748828,0.028571428571428567,0.0,2.771428571428572,0.8857142857142857,0.7142857142857142,2.1454081632653064,0.4,0.0,0.19085334510739368,1.3142857142857145,2.9428571428571435,0.0,1.612840136054422,0.09036106750392464,0.4312987702875498,35.457142857142856,0.5009523809523809,0.5198639455782313,0.5,0.5,0.0,0.22142857142857145,0.2,0.2571428571428571,0.057142857142857134,0.4000000000000001,0.6142857142857143,0.6380952380952379,0,0,0,0.18181818181818185,0.09090909090909093,0.03896103896103896,0.3116883116883117,0.05194805194805195,0.3376623376623377,7,1.2,0,0.0009575714534898207,6,5,1,4,1,1.0,1.36,0.8,1,39,3.2830668587041134
https://lichess.org/vOCrBZpa,arturchix,1,0.0,0.3643762102095435,2.6296296296296298,0,0,0,1.2592592592592593,0.0,-1,4.2,0.0,-0.7058823529411765,0.0,0.5555555555555556,0.0,0.0,0.037037037037037035,4.0,0.0,0.0,0.0,2.6818181818181817,0.0,1.0,0.0,0.0,0.0,0.0,13.0,0.0,0.0,0.0,0.0,0.07142857142857142,1,1,0,0.33333333333333337,3.0,2.228615253449144,0.0,0.0,0.2222222222222222,0.037037037037037035,-0.6666666666666667,1.4523809523809519,0.0,0.0,0.15234036262394107,1.0,3.0,0.0,1.3831020831020828,0.19837693171026505,0.4418955553680818,35.444444444444436,0.4985754985754986,0.4927689594356262,0.5,0.5185185185185185,0.0925925925925926,0.0,0.4074074074074074,0.1111111111111111,0.0,0.3333333333333333,0.2407407407407408,0.2839506172839505,0,0,0,0.1630434782608695,0.09782608695652173,0.043478260869565216,0.3152173913043477,0.05434782608695652,0.3369565217391303,2,4.0,1,0.0018187715130689847,7,6,1,3,1,1.0,0.5454545454545454,0.5555555555555556,0,0,3.418580975001429
https://lichess.org/56m3UGCJ,arturchix,0,0.0,0.0,1.881578947368421,0,0,1,1.4736842105263157,1.0,-1,0.0,0.8529411764705882,0.9629629629629628,0.7368421052631579,0.02631578947368421,0.0,0.0,0.3684210526315789,5.454545454545454,0.0,0.0,0.0,2.90625,0.0,0.0,1.0,0.0,0.0,0.0,0.0,0.0,0.0,0.0,0.2857142857142858,0.08333333333333333,1,1,0,0.33333333333333337,2.2,2.017723757305786,0.0,0.02631578947368421,2.394736842105264,0.21052631578947367,0.0,2.5213032581453625,1.3421052631578947,0.0,0.18015779922208106,0.5263157894736842,2.526315789473684,0.0,1.7047518271202482,0.4406343656343656,0.3927000032840219,36.5,0.4989878542510121,0.4992481203007518,0.5175438596491228,0.5,0.13157894736842105,0.25,0.3223684210526316,0.02631578947368421,0.3157894736842105,0.29824561403508776,0.10526315789473684,0.6228070175438597,0,0,0,0.2571428571428572,0.2428571428571429,0.1,0.08571428571428573,0.07142857142857142,0.2571428571428572,0,2.5,0,0.0013982579274921974,7,7,0,3,0,1.0,0.9375,0.3947368421052632,1,29,3.2966899448930707
https://lichess.org/DIJobWFb,arturchix,0,0.0,0.04204545454545455,2.25,1,0,0,3.575,0.0,0,0.0,-0.3870967741935484,0.3448275862068966,0.0,0.65,0.0,0.0,0.8,3.6,0.043478260869565216,0.0,0.0,2.7674418604651163,0.0,1.0,0.0,0.0,0.0,0.0,51.0,0.0,0.0,0.0,0.4857142857142858,0.16666666666666666,1,0,0,0.0,3.2,1.1593368347420243,0.0,0.3,0.0,0.45,-0.2,1.438333333333334,0.1,0.0,0.17553441665372166,0.0,1.0,0.0,1.4871320346320345,0.10498085248085252,0.3903616779808238,39.95,0.5762121212121211,0.4507142857142858,0.5583333333333332,0.475,0.0,0.175,0.2625,0.1,0.0,0.29999999999999993,0.0,0.0,2,0,1,0.17391304347826084,0.17391304347826084,0.4347826086956521,0.17391304347826084,0.043478260869565216,0.043478260869565216,3,3.0,0,0.005128205128205128,2,2,0,0,0,1.0,0.8571428571428571,1.15,0,0,3.217027877376716
https://lichess.org/C64Lxmkf,arturchix,0,0.0,0.1225814364207221,1.3035714285714286,0,0,0,4.294642857142857,0.0,0,-0.8,-1.4769230769230768,-0.8235294117647058,0.5,1.0357142857142858,0.0,0.0,0.2857142857142857,6.285714285714287,0.2857142857142857,0.0,0.0,4.442857142857143,0.0,1.0,0.0,0.0,0.0,0.0,13.0,0.0,0.0,0.0,0.1428571428571428,0.045454545454545456,1,1,0,0.6666666666666667,3.0,2.0855103096375807,0.017857142857142856,0.0,1.7142857142857142,0.03571428571428571,-0.6,1.8646258503401376,0.7142857142857143,0.16666666666666666,0.1892831537279302,0.6964285714285714,2.696428571428572,0.0,1.7407696470196472,0.3183786451643594,0.3681688359761922,40.160714285714285,0.5463487900987903,0.521343537414966,0.5,0.5,0.19642857142857145,0.0,0.26785714285714285,0.08035714285714286,0.08928571428571429,0.44047619047619,0.375,0.14880952380952375,0,1,1,0.27777777777777785,0.1388888888888889,0.22222222222222227,0.16666666666666669,0.16666666666666669,0.05555555555555555,1,1.0,0,0.0024177344410125025,5,5,0,4,0,1.0,0.14285714285714285,1.4107142857142858,1,25,3.0950761606118777
https://lichess.org/Nvc3r0MW,arturchix,0,0.0,0.10503401360544218,3.1,0,0,0,1.3142857142857145,0.0,-1,4.0,0.0,-0.7058823529411765,0.2,0.4,0.0,0.0,0.11428571428571427,4.857142857142857,0.0,0.0,0.0,4.0740740740740735,0.0,1.0,0.0,0.0,0.0,0.0,13.0,0.0,0.0,0.0,0.0,0.07142857142857142,1,1,0,0.33333333333333337,2.8,2.2598308570354693,0.0,0.2571428571428571,0.3142857142857143,0.057142857142857134,-0.33333333333333337,1.7340136054421773,0.6285714285714286,0.0,0.16254065049731545,0.3714285714285713,2.3714285714285714,0.0,1.565792778649922,0.2249288806431664,0.4124185173941919,36.2,0.4989010989010989,0.4944217687074829,0.4952380952380952,0.5,0.0,0.0,0.4214285714285714,0.2714285714285714,0.0,0.3333333333333334,0.1,0.5047619047619049,0,0,0,0.2727272727272728,0.11363636363636365,0.09090909090909093,0.15909090909090912,0.20454545454545456,0.18181818181818185,6,1.3333333333333333,0,0.0019095444561916864,6,6,0,2,0,1.0,0.4444444444444444,1.0857142857142856,1,29,3.3397971935471946
https://lichess.org/QwpUJO3c,arturchix,0,0.04,0.19807311907854894,3.13,0,0,0,3.13,0.18,-1,-4.0,-0.2921348314606741,0.8965517241379308,1.24,0.0,0.0,0.0,0.0,5.16,0.0,0.0,0.0,0.3835616438356164,0.0,1.0,0.0,0.0,0.0,0.0,9.0,0.0,0.0,0.0,-0.08571428571428563,0.0,0,0,0,0.0,1.3,0.7020129754257725,0.02,0.0,0.82,0.16,0.6000000000000001,1.5911428571428563,0.14,0.0,0.1828187289465154,0.0,1.48,0.0,1.6530539460539462,0.058184815184815185,0.3519875252083493,37.7,0.5035975135975137,0.5005714285714287,0.4966666666666667,0.5,0.02,0.09,0.23,0.275,0.0,0.18,0.25,0.43333333333333307,0,0,0,0.2127659574468085,0.2340425531914893,0.29787234042553185,0.1276595744680851,0.0,0.1276595744680851,15,1.0,1,0.0029495315795315786,6,6,0,2,0,1.0,0.4722222222222222,1.06,3,95,3.1602208876866413
https://lichess.org/ciTB1t09,arturchix,0,0.0,0.03221315721315721,1.6212121212121209,0,0,0,3.484848484848485,0.0,-1,2.8,0.5806451612903226,0.35294117647058826,0.0,0.30303030303030304,0.0,0.0,0.0,5.212121212121212,0.6666666666666666,0.0,0.041666666666666664,4.5,0.0,0.0,1.0,0.0,0.0,0.0,0.0,63.0,0.0,0.0,0.2857142857142858,0.07142857142857142,1,1,0,0.33333333333333337,3.2,1.967594383002338,0.42424242424242425,0.42424242424242425,1.6363636363636365,0.0,-0.1428571428571429,1.8571428571428583,0.0,0.0,0.16459980610796146,0.0,1.7878787878787878,0.0,1.786080586080586,-0.0596459096459097,0.4094783949078397,41.84848484848485,0.524087024087024,0.4294372294372297,0.5707070707070707,0.5,0.3333333333333333,0.4318181818181818,0.3106060606060606,0.015151515151515154,0.0,0.31313131313131315,0.2878787878787879,0.4040404040404038,0,0,0,0.28,0.16,0.16,0.16,0.2,0.08,3,7.0,0,0.0015746330789620832,3,3,0,2,0,1.0,0.75,0.9090909090909092,1,26,3.4039112488591674
https://lichess.org/jiyGPiJa,arturchix,0,0.0,0.04271708683473389,1.8823529411764703,0,0,0,2.5294117647058822,0.0,-1,-1.0789473684210529,0.08080808080808081,0.27586206896551724,0.17647058823529413,0.0,0.0,0.0,0.0,2.235294117647059,0.5,0.0,0.0,1.7272727272727273,0.0,0.0,1.0,0.0,0.0,0.0,0.0,60.0,0.0,0.0,0.2857142857142858,0.0,0,0,0,0.0,1.0,0.8387306840199118,0.0,0.2352941176470588,0.4117647058823529,0.2352941176470588,0.0,1.529761904761905,0.1176470588235294,0.0,0.18467439507541464,0.0,1.0588235294117647,0.0,1.087030616442381,-0.15134865134865133,0.4049687946676122,29.35294117647059,0.5217194570135746,0.5098039215686274,0.5,0.5294117647058824,0.0,0.0,0.029411764705882363,0.0,0.0,0.1176470588235294,0.5,0.0,1,1,1,0.3749999999999999,0.08928571428571427,0.14285714285714282,0.12499999999999994,0.03571428571428571,0.2321428571428571,10,2.25,0,0.022510745694136698,6,5,1,3,0,1.5,0.5,0.6470588235294118,1,22,3.418200553655099
https://lichess.org/scNgKZOh,arturchix,1,0.037037037037037035,0.4665375501673537,3.101851851851852,0,0,0,0.3333333333333333,0.0,0,4.333333333333333,2.212121212121212,0.35294117647058826,0.0,1.3148148148148149,0.0,0.0,0.037037037037037035,5.537037037037037,0.7333333333333333,0.0,0.0,4.913043478260869,0.0,0.0,1.0,0.0,0.0,0.0,0.0,63.0,0.0,0.0,0.2857142857142858,0.045454545454545456,-1,-1,0,0.6666666666666667,2.8,0.9216003394762758,0.0,0.2222222222222222,0.2407407407407408,0.018518518518518517,-0.33333333333333337,1.5764550264550268,0.037037037037037035,0.0,0.15875318005221825,0.0,1.5740740740740742,0.0,1.417409391020502,-0.3366684241684241,0.3940821178580476,36.129629629629626,0.4698739532072861,0.5062610229276896,0.5030864197530864,0.5,0.0,0.18981481481481485,0.30092592592592593,0.0787037037037037,0.06481481481481481,0.4259259259259259,0.2222222222222222,0.17901234567901236,0,0,0,0.19565217391304346,0.30434782608695643,0.08695652173913042,0.043478260869565216,0.17391304347826084,0.21739130434782605,23,2.5,1,0.002716273860392513,4,4,0,3,0,1.0,0.4411764705882353,0.6296296296296297,2,60,3.2915690147211896
https://lichess.org/PG83h71w,arturchix,0,0.0,0.03355263157894737,1.75,0,1,0,2.25,0.75,-1,3.5,0.0,0.4324324324324325,1.0,0.0,0.0,0.0,0.3333333333333333,4.833333333333333,0.0,0.0,0.0,4.260869565217392,0.0,1.0,0.0,0.0,0.0,0.0,51.0,0.0,0.0,0.0,0.2380952380952379,0.16666666666666666,1,1,0,0.0,3.0,1.155513206810511,0.0,1.0,0.0,0.0,-0.2,1.633333333333333,0.8333333333333334,0.0,0.17119186763136765,0.0,1.0,0.0,1.2893097643097642,0.4456649831649831,0.3156192086511406,38.75,0.5,0.4805555555555556,0.5,0.5,0.0,0.041666666666666664,0.3333333333333333,0.16666666666666666,0.0,0.0,0.0,0.0,0,0,0,0.4102564102564104,0.10256410256410256,0.10256410256410256,0.23076923076923075,0.1282051282051282,0.05128205128205128,8,1.0,0,0.009278549382716052,7,7,0,3,0,1.0,0.5217391304347826,0.16666666666666666,0,0,3.4114378898074547
https://lichess.org/EScZcDIQ,arturchix,1,0.2272727272727273,0.12019022644022645,2.7954545454545454,0,0,0,0.4090909090909091,0.0,-1,-3.0,0.5806451612903226,1.181818181818182,0.0,0.13636363636363635,0.0,0.0,0.4545454545454545,4.7727272727272725,1.24,0.0,0.0,2.6382978723404253,0.0,1.0,0.0,0.0,0.0,0.0,7.0,0.0,0.0,0.0,-0.020408163265306145,0.041666666666666664,-1,1,0,0.6666666666666667,2.4,2.600914435840138,0.0,0.0,1.6363636363636365,0.3636363636363637,0.1428571428571428,2.22077922077922,1.2272727272727273,0.0,0.2102514918037532,0.0,1.4090909090909092,0.0,1.7903346653346652,0.08241758241758232,0.3850467297251541,37.04545454545455,0.5,0.5030303030303029,0.5,0.4318181818181818,0.0,0.0,0.3522727272727273,0.4204545454545455,0.0,0.13636363636363635,0.3181818181818182,0.5909090909090907,0,0,0,0.3939393939393938,0.15151515151515152,0.09090909090909093,0.2727272727272727,0.060606060606060615,0.060606060606060615,2,2.0,0,0.0027859135813681282,5,5,0,1,0,1.25,0.4782608695652174,0.9090909090909092,1,35,3.5471279843088355
https://lichess.org/MCrcJoX1,arturchix,0,0.0,0.3619209494209494,2.4615384615384617,0,0,0,4.256410256410256,0.0,1,-1.5,-0.6,-0.8235294117647058,0.0,1.3076923076923077,0.0,0.0,0.05128205128205128,4.589743589743589,0.5882352941176471,0.0,0.03571428571428571,4.071428571428571,0.0,1.0,0.0,0.0,0.0,0.0,13.0,0.0,0.0,0.0,0.0,0.05555555555555555,1,1,0,0.6666666666666667,2.8,2.0703088671637526,0.1794871794871795,0.0,0.4615384615384616,0.02564102564102564,0.0,1.5836385836385831,0.02564102564102564,0.0,0.16219531852787253,1.0,3.0,0.0,1.4727618535310842,0.3640560294406449,0.4193709604462165,40.97435897435897,0.4990138067061144,0.5126984126984129,0.4871794871794871,0.5,0.0,0.0,0.33974358974358976,0.21794871794871795,0.05128205128205128,0.39316239316239343,0.5,0.4358974358974358,0,0,0,0.2758620689655173,0.2758620689655173,0.10344827586206896,0.10344827586206896,0.2413793103448276,0.03448275862068965,1,1.0,0,0.0011805967427269202,4,4,0,1,0,1.0,0.2857142857142857,0.2307692307692308,0,0,3.375988457640245
https://lichess.org/7Uq2ZzXd,arturchix,1,0.0,0.15336451307331533,2.31,0,0,0,1.98,0.24,1,-3.0,0.4912280701754386,-0.043478260869565216,0.0,0.82,0.0,0.0,0.0,3.56,0.3333333333333333,0.0,0.0,4.608108108108109,0.0,1.0,0.0,0.0,0.0,0.0,51.0,0.0,0.0,0.0,0.3333333333333335,0.16666666666666666,1,1,0,0.0,3.0,1.8296494060185609,0.08,0.4,0.7,0.04,-1.0,2.2106666666666657,1.76,0.2,0.19662905787536025,0.0,1.56,0.0,1.7405128205128206,0.3786277611277613,0.3802622485268455,36.92,0.4695679320679318,0.5342857142857145,0.4366666666666669,0.5,0.04,0.06,0.35,0.0,0.03,0.10666666666666663,0.16,0.41333333333333344,0,0,0,0.3947368421052631,0.18421052631578946,0.18421052631578946,0.07894736842105263,0.15789473684210525,0.02631578947368421,2,1.5,0,0.0014625281200281205,4,4,0,2,0,1.0,0.2702702702702703,0.26,0,0,3.1831720694220667
https://lichess.org/kzcszc7O,arturchix,0,0.037037037037037035,0.07161463184854996,2.851851851851852,0,0,0,3.7037037037037037,0.0,1,2.1323529411764706,-1.0344827586206895,1.4074074074074074,0.037037037037037035,0.0,0.0,0.0,0.0,1.9629629629629632,0.0,0.0,0.03773584905660377,4.6415094339622645,0.0,1.0,0.0,0.0,0.0,0.0,6.0,0.0,0.0,0.0,0.08571428571428563,0.041666666666666664,1,-1,0,0.33333333333333337,3.0,0.7130137101516554,0.0,0.3703703703703704,0.0,0.0,0.0,1.1999999999999995,0.0,0.0,0.1836028906322325,0.0,1.0,0.0,1.2700725200725198,0.18417796195573968,0.3669965487565154,38.81481481481481,0.5479463951686172,0.40440917107583796,0.8456790123456791,0.5,0.0,0.0,0.0925925925925926,0.12037037037037035,0.0,0.19753086419753085,0.4074074074074074,0.0,0,0,0,0.19512195121951212,0.2195121951219512,0.2439024390243902,0.04878048780487805,0.2439024390243902,0.07317073170731707,2,1.0,0,0.002773551703592856,4,4,0,1,0,1.0,0.5384615384615384,1.6666666666666667,0,0,3.3182799049308502
https://lichess.org/XvlGek7s,arturchix,0,0.0,0.06687538651824368,2.107142857142857,0,0,0,3.071428571428572,0.0,-1,2.760869565217391,0.3050847457627119,1.0588235294117647,0.0,0.6190476190476191,0.0,0.0,0.047619047619047616,4.047619047619048,0.0,0.0,0.0,3.2931034482758617,0.0,1.0,0.0,0.0,0.0,0.0,52.0,0.0,0.0,0.0,0.2142857142857142,0.045454545454545456,1,1,0,0.6666666666666667,3.0,2.3011404687815302,0.023809523809523808,0.0,1.8571428571428568,0.07142857142857142,0.3333333333333333,1.9914965986394568,0.07142857142857142,0.0,0.17972553366584348,1.1428571428571428,2.6666666666666665,0.0,1.5677231498660062,0.0651503258646115,0.3737323698946722,35.95238095238096,0.5095737595737598,0.5063492063492064,0.4960317460317461,0.5,0.4047619047619048,0.2202380952380953,0.3154761904761905,0.11904761904761905,0.0,0.3650793650793653,0.2857142857142857,0.3968253968253966,0,0,0,0.25806451612903225,0.16129032258064516,0.2258064516129032,0.12903225806451613,0.16129032258064516,0.0967741935483871,1,1.0,0,0.001444352762379973,6,6,0,4,0,1.0,0.5517241379310345,1.3571428571428572,1,27,3.4214454989454977
https://lichess.org/jmXcyFbM,arturchix,0,0.14102564102564102,0.20620471832669587,3.0641025641025643,0,0,1,2.6923076923076925,0.7051282051282052,0,-3.183333333333333,-1.2577319587628866,0.9565217391304348,0.5128205128205128,0.5641025641025641,0.0,0.3333333333333333,0.28205128205128205,5.67948717948718,0.0,0.0,0.0,2.34,0.0,1.0,0.0,0.0,0.0,0.0,7.0,0.0,0.0,0.0,0.19047619047619047,0.08333333333333333,1,1,0,0.33333333333333337,2.4,1.5407049123164231,0.01282051282051282,0.21794871794871795,1.1025641025641026,0.07692307692307693,-1.0,2.2643467643467634,0.1282051282051282,0.0,0.2293977479924509,0.0,1.7435897435897436,0.0,1.818049934396088,0.8071219378911686,0.3734164551843833,36.769230769230774,0.5108807147268688,0.5000610500610501,0.5,0.4935897435897436,0.0,0.0673076923076923,0.3461538461538461,0.16987179487179488,0.16666666666666666,0.4273504273504276,0.0,0.5811965811965818,0,0,0,0.2641509433962264,0.2452830188679245,0.16981132075471694,0.16981132075471694,0.1320754716981132,0.03773584905660377,3,0.0,0,0.0017320839818374331,7,7,0,3,0,1.25,0.54,0.35897435897435903,1,31,3.017912412587412
https://lichess.org/rEDdPwCp,arturchix,0,0.10344827586206896,0.3173805101862619,1.862068965517241,0,0,1,2.2758620689655173,0.25862068965517243,-1,3.0357142857142856,0.0,0.5925925925925926,1.2758620689655171,0.017241379310344827,0.05,0.5862068965517241,0.3103448275862069,6.448275862068965,0.3636363636363637,0.0,0.0,3.8375,0.0,0.0,1.0,0.0,0.0,0.0,0.0,0.0,0.0,0.0,0.19047619047619047,0.08333333333333333,1,1,0,0.33333333333333337,1.8,2.3035266909447127,0.017241379310344827,0.8620689655172413,1.6034482758620692,0.3793103448275862,-1.0,2.4564449917898186,2.2758620689655173,0.0,0.21882494885534992,0.13793103448275862,2.1379310344827585,0.0,1.9478532482842823,0.213319128189818,0.3886118109004633,38.706896551724135,0.5359680070886973,0.4713464696223314,0.5344827586206901,0.5,0.017241379310344827,0.1810344827586207,0.3146551724137931,0.15517241379310345,0.10344827586206896,0.3045977011494253,0.4827586206896552,0.43678160919540177,0,0,0,0.3170731707317073,0.2926829268292683,0.0975609756097561,0.17073170731707316,0.12195121951219512,0.024390243902439025,7,1.0,0,0.0013887425358144732,5,5,0,4,0,1.0,0.55,0.1206896551724138,0,0,3.1664969162781658
https://lichess.org/oMBPlKSl,arturchix,0,0.32,0.11714587069850227,2.48,0,0,0,3.34,0.16,1,2.4166666666666665,-0.8695652173913043,-0.4,0.32,0.0,0.0,0.0,0.0,5.2,0.2,0.0,0.0,5.042857142857144,0.0,1.0,0.0,0.0,0.0,0.0,13.0,0.0,0.0,0.0,0.1428571428571428,0.08333333333333333,1,-1,0,0.0,1.0,1.0128876054637719,0.0,0.02,2.54,0.56,-0.5,2.375333333333332,0.7,0.0,0.20471196639797745,0.48,2.14,0.0,1.9621901431901432,0.3634835164835165,0.3773130804123436,41.14,0.4969308469308469,0.502,0.5,0.5,0.2,0.22,0.15,0.3,0.0,0.22000000000000008,0.16,0.4866666666666666,0,0,0,0.3333333333333334,0.19444444444444448,0.2500000000000001,0.05555555555555555,0.1111111111111111,0.08333333333333333,17,2.0,2,0.0011155995115995122,5,5,0,3,0,1.0,0.6857142857142857,1.22,2,63,2.921871949479093
https://lichess.org/QBFNXQwU,arturchix,0,0.0,0.06477591036414565,2.647058823529412,0,0,0,2.235294117647059,0.0,-1,0.38235294117647056,0.22641509433962265,0.6206896551724138,0.0,0.0,0.0,0.0,0.0,2.3529411764705883,0.375,0.0,0.0,1.9090909090909087,0.0,0.0,1.0,0.0,0.0,0.0,0.0,60.0,0.0,0.0,0.4285714285714286,0.0,0,0,0,0.0,2.3,0.8104691238131698,0.0,0.2352941176470588,0.29411764705882354,0.2352941176470588,0.0,1.5045518207282915,0.1176470588235294,0.0,0.1862903154924555,0.0,1.0588235294117647,0.0,1.1415447297800236,-0.13663297486826906,0.4167128776191254,31.058823529411764,0.5211161387631975,0.5098039215686274,0.5,0.5294117647058824,0.0,0.0,0.029411764705882363,0.0,0.0,0.2745098039215686,0.4411764705882353,0.0,0,0,0,0.2758620689655173,0.1724137931034483,0.10344827586206896,0.206896551724138,0.06896551724137931,0.1724137931034483,5,1.3333333333333333,0,0.022204535180313727,5,5,0,3,0,1.5,0.4375,0.5294117647058824,1,22,3.433443245867488
https://lichess.org/m95mXHzk,arturchix,1,0.375,0.9739948062558356,2.875,0,0,0,1.875,0.0,-1,-4.0,0.0,0.17391304347826084,1.0,0.0,0.0,0.0,0.0,5.0,0.5161290322580645,0.0,0.02564102564102564,2.641025641025641,0.0,0.0,1.0,0.0,0.0,0.0,0.0,70.0,0.0,0.0,0.2653061224489797,0.08333333333333333,1,1,0,0.0,3.0,0.5197738655816545,0.0,0.0,0.0,0.0,-0.2,1.0833333333333333,0.0,0.0,0.1514095414261225,0.0,1.0,0.0,1.3640151515151515,0.11761363636363635,0.3834303876244666,32.5,0.4659090909090909,0.5125,0.5208333333333334,0.5,0.375,0.0,0.125,0.0,0.0,0.041666666666666664,0.0,0.3333333333333333,0,0,0,0.2926829268292683,0.17073170731707316,0.0975609756097561,0.3658536585365854,0.04878048780487805,0.04878048780487805,3,4.0,0,0.09789299242424243,5,5,0,2,0,1.6666666666666667,1.1052631578947372,0.0,0,0,3.60303080347952
https://lichess.org/ah63xoOA,arturchix,0,0.0,0.25,1.625,0,0,0,4.1875,0.0,0,0.0,0.0,-1.3448275862068966,0.0,0.0,0.0,0.0,0.0,1.0,0.7,0.0,0.0,3.3571428571428568,0.0,1.0,0.0,0.0,0.0,0.0,13.0,0.0,0.0,0.0,-0.08571428571428563,0.0,0,0,0,0.0,2.3,2.2286152534491444,0.0,0.0,1.0,0.0,-0.4285714285714286,1.714285714285714,0.0,0.0,0.17509470368910998,1.0,3.0,0.0,1.3601190476190477,0.056547619047619124,0.4407894736842105,36.75,0.5096153846153846,0.5089285714285714,0.5,0.5,0.5,0.09375,0.25,0.25,0.0,0.3333333333333333,0.375,0.0,0,0,0,0.3333333333333333,0.13333333333333333,0.26666666666666666,0.06666666666666668,0.2,0.0,1,0.0,0,0.007145337301587302,2,2,0,2,0,0.0,0.35714285714285715,2.25,0,0,3.4353616125937565
https://lichess.org/B4UjNpEZ,arturchix,0,0.0,0.09388279424781973,2.129032258064516,0,0,0,2.5161290322580645,0.3225806451612903,-1,1.1,0.0,-0.27586206896551724,0.16129032258064516,0.0,0.0,0.0,0.0,3.2903225806451615,0.0,0.0,0.0,4.203703703703703,0.0,0.0,1.0,0.0,0.0,0.0,0.0,60.0,0.0,0.0,0.2653061224489797,0.16666666666666666,1,-1,0,0.0,2.6,1.6210115555863125,0.12903225806451613,0.0,0.6451612903225806,0.12903225806451613,0.1428571428571428,2.1474654377880182,0.3870967741935484,0.0,0.20352072314680564,0.0,1.6774193548387095,0.0,1.5516016241822692,0.13181442213700278,0.3760839161951836,36.61290322580645,0.5049627791563275,0.4946236559139785,0.4946236559139785,0.5,0.0967741935483871,0.13709677419354838,0.3548387096774194,0.2258064516129032,0.0,0.4623655913978498,0.0,0.19354838709677413,0,0,0,0.38888888888888895,0.16666666666666669,0.19444444444444448,0.1388888888888889,0.08333333333333333,0.05555555555555555,2,3.0,0,0.0038295182676035947,5,5,0,3,0,1.0,0.9259259259259259,0.03225806451612903,0,0,3.5407086295049264
https://lichess.org/XJQ4wjqo,arturchix,0,0.0,0.020833333333333332,2.625,0,0,0,2.0625,0.0,0,0.0,0.0,-0.08695652173913042,0.0,0.0,0.0,0.0,0.0,2.125,0.0,0.0,0.0,3.2,0.0,1.0,0.0,0.0,0.0,0.0,3.0,0.0,0.0,0.0,-0.2857142857142857,0.041666666666666664,1,1,0,0.6666666666666667,3.0,2.389666264691789,0.0,0.0,0.75,0.375,-0.1428571428571429,1.9642857142857144,1.0,0.0,0.16799957995499926,0.75,3.25,0.0,1.3833333333333333,0.16666666666666652,0.4570590327169274,37.25,0.5,0.5,0.5,0.5,0.0,0.3125,0.25,0.0,0.0,0.75,0.5,0.3333333333333333,0,0,0,0.5625,0.125,0.1875,0.125,0.0,0.0625,1,0.0,0,0.005535714285714285,1,1,0,1,0,0.0,0.6,0.0,0,0,3.495052469135803
https://lichess.org/blMnN6vo,arturchix,0,0.02564102564102564,0.044861619861619864,1.4743589743589745,0,0,0,1.3974358974358974,0.1282051282051282,0,-1.0,0.0392156862745098,-0.14814814814814814,0.3076923076923077,0.0,0.0,0.0,0.0,5.615384615384616,0.0,0.0,0.027027027027027032,4.621621621621622,0.0,1.0,0.0,0.0,0.0,0.0,3.0,0.0,0.0,0.0,-0.4693877551020408,0.029411764705882363,1,1,0,0.6666666666666667,1.6,2.3872220731941334,0.1794871794871795,0.0,2.0,0.02564102564102564,0.6000000000000001,2.811477411477412,1.205128205128205,0.0,0.2410927720669176,1.0,3.2564102564102564,0.0,2.10310174156328,0.6849959157651464,0.31764419085650875,38.358974358974365,0.577785248939095,0.2642246642246643,0.5598290598290601,0.5,0.0,0.25,0.35897435897435903,0.4935897435897436,0.20512820512820512,0.3760683760683763,0.21794871794871795,0.4273504273504277,0,1,1,0.3421052631578947,0.15789473684210525,0.18421052631578946,0.07894736842105263,0.21052631578947367,0.05263157894736842,1,0.0,0,0.0021569396585833143,3,3,0,3,0,0.0,0.4594594594594595,0.3076923076923077,1,23,3.2728938516438526
https://lichess.org/PIKMMFZE,arturchix,0,0.0,0.11272678802495376,2.46875,0,0,0,4.229166666666667,0.08333333333333333,-1,2.225806451612903,0.0,-0.4761904761904762,0.375,0.4375,0.0,0.0,0.0,4.375,0.0,0.0,0.17647058823529413,3.9411764705882364,0.0,1.0,0.0,0.0,0.0,0.0,13.0,0.0,0.0,0.0,-0.08571428571428563,0.0625,1,1,0,0.33333333333333337,2.0,2.020725827871333,0.0,0.0,0.8333333333333334,0.020833333333333332,-0.33333333333333337,1.8258928571428568,0.020833333333333332,0.0,0.17608752527457494,1.0,3.0,0.0,1.72733238983239,0.30122620435120423,0.38505452099109183,39.770833333333336,0.5413704351204355,0.5020833333333333,0.5034722222222222,0.4895833333333333,0.4166666666666667,0.0,0.328125,0.2239583333333333,0.020833333333333332,0.33333333333333354,0.041666666666666664,0.2430555555555556,0,0,0,0.24137931034482765,0.15517241379310348,0.18965517241379315,0.1206896551724138,0.18965517241379315,0.1206896551724138,14,1.0,1,0.0012355320460789208,6,6,0,4,0,1.0,0.35294117647058826,1.5,0,0,3.2286286820477987
https://lichess.org/r3JkeSUb,arturchix,0,0.0,0.13554720233566805,2.744186046511628,0,0,0,3.953488372093023,0.0,-1,-0.07142857142857142,0.0,-0.4761904761904762,0.0,1.0,0.0,0.11627906976744184,0.7209302325581395,4.8604651162790695,0.0,0.0,0.0,3.3015873015873014,0.0,1.0,0.0,0.0,0.0,0.0,13.0,0.0,0.0,0.0,-0.08571428571428563,0.0625,1,1,0,0.33333333333333337,2.2,1.803967942426864,0.0,0.0,0.5348837209302325,0.04651162790697674,0.3333333333333333,1.9169435215946853,0.9069767441860463,0.0,0.18225775686733592,0.5348837209302325,2.5348837209302326,0.0,1.6307762005436428,0.2357603636673405,0.4018766041429613,37.37209302325581,0.4991055456171735,0.4976744186046511,0.5038759689922481,0.4883720930232558,0.0,0.0,0.37209302325581395,0.11046511627906977,0.313953488372093,0.33333333333333354,0.3953488372093023,0.2868217054263567,0,0,0,0.3673469387755103,0.14285714285714285,0.1020408163265306,0.2857142857142857,0.061224489795918366,0.061224489795918366,2,1.0,0,0.0014345481151862975,5,5,0,2,0,1.0,0.1935483870967742,0.32558139534883723,1,32,3.2306304586066488
https://lichess.org/RMZ5OmYS,arturchix,0,0.0,0.0,1.84375,0,0,0,4.5625,0.0,1,0.3181818181818182,0.0,-0.5135135135135135,0.875,1.0,0.0,0.0,0.0,7.1875,0.8,0.0,0.0,3.861111111111111,0.0,1.0,0.0,0.0,0.0,0.0,13.0,0.0,0.0,0.0,-0.08571428571428563,0.0,0,0,0,0.0,2.2,2.228615253449145,0.5625,0.0,0.0,0.1875,-0.33333333333333337,1.7008928571428572,0.25,0.0,0.19254950534954465,1.0,3.0,0.0,1.2135989010989008,0.15487637362637366,0.4334022306824297,40.625,0.5024038461538461,0.5,0.5,0.5,0.0,0.0,0.25,0.125,0.0,0.5416666666666666,0.375,0.0,0,0,0,0.4736842105263158,0.05263157894736842,0.21052631578947367,0.05263157894736842,0.15789473684210525,0.05263157894736842,11,0.0,0,0.006009615384615382,3,2,1,2,0,0.0,0.16666666666666666,0.625,1,35,3.291218033509701
https://lichess.org/jbSGiVUb,arturchix,0,0.0,0.07067097705642597,1.9696969696969693,1,0,1,1.9696969696969693,1.0303030303030305,0,0.0,-0.3461538461538461,0.6666666666666666,0.7878787878787878,0.6666666666666666,0.0,0.4848484848484849,1.0303030303030305,6.0606060606060606,1.2857142857142858,0.0,0.0,4.611111111111111,0.0,1.0,0.0,0.0,0.0,0.0,7.0,0.0,0.0,0.0,0.1428571428571428,0.0625,1,1,0,0.33333333333333337,1.8,1.6002599204979284,0.0,0.0,2.606060606060606,0.30303030303030304,0.6666666666666667,1.8318903318903328,0.030303030303030307,0.0,0.1793300769352859,0.0,2.0,0.0,1.529119870028961,0.1816113179749543,0.38343186249274464,38.15151515151515,0.4895104895104895,0.5030303030303029,0.6010101010101011,0.3939393939393939,0.0,0.0,0.2803030303030303,0.19696969696969696,0.0,0.5454545454545452,0.21212121212121213,0.5555555555555554,0,0,0,0.34482758620689663,0.1724137931034483,0.10344827586206896,0.2413793103448276,0.10344827586206896,0.06896551724137931,9,1.0,0,0.001854742798268968,3,3,0,1,0,1.0,0.4074074074074074,0.0,1,35,3.5938751611899744
https://lichess.org/QsEeRVMk,arturchix,0,0.0,0.022312211597925884,0.0,0,0,0,3.3428571428571434,0.0,1,1.0434782608695652,0.0,0.7567567567567568,1.1142857142857143,0.0,0.08571428571428573,0.0,0.0,5.428571428571429,1.6571428571428573,0.0,0.0,4.6571428571428575,0.0,0.0,1.0,0.0,0.0,0.0,0.0,0.0,0.0,0.0,0.22448979591836732,0.0625,1,1,0,0.33333333333333337,2.4,0.34299717028501736,0.0,0.8857142857142857,0.0,0.0,0.0,1.528843537414966,0.0,0.0,0.16725590270932295,0.0,1.0,0.0,1.654935064935065,1.0252236652236653,0.3091317156072284,35.97142857142857,0.6068893011750158,0.2547619047619048,0.4952380952380953,0.5,0.0,0.14285714285714285,0.028571428571428567,0.18571428571428567,0.3142857142857143,0.057142857142857134,0.14285714285714285,0.2761904761904761,1,0,1,0.1111111111111111,0.22222222222222227,0.19444444444444448,0.27777777777777785,0.16666666666666669,0.05555555555555555,7,1.0,0,0.007283261183261183,3,3,0,1,0,1.0,0.4,0.8857142857142857,1,26,2.957588935315126
https://lichess.org/TgpIDxVl,arturchix,1,0.0,0.2332196743894146,2.869565217391304,0,0,0,0.9565217391304348,0.08695652173913042,0,4.166666666666667,1.7272727272727273,0.9411764705882352,0.17391304347826084,1.3478260869565215,0.0,0.5217391304347826,0.0,6.1739130434782625,0.0,0.0,0.0,3.7083333333333335,0.0,1.0,0.0,0.0,0.0,0.0,31.0,0.0,0.0,0.0,0.22448979591836732,0.1,1,1,0,0.0,3.0,1.0770045662544263,1.0,0.0,0.0,0.0,-0.4285714285714286,1.4534161490683228,0.9130434782608696,0.0,0.15472442212428,0.0,1.173913043478261,0.0,1.5299772691077038,0.003301046779307557,0.4004807593885008,38.91304347826087,0.5423634336677815,0.4666666666666667,0.5,0.5,0.0,0.25,0.39130434782608703,0.043478260869565216,0.0,0.2753623188405796,0.08695652173913042,0.10144927536231883,0,0,0,0.28205128205128205,0.15384615384615385,0.1282051282051282,0.4102564102564104,0.02564102564102564,0.02564102564102564,4,1.5,0,0.002248578453682423,5,5,0,2,0,1.0,0.6666666666666666,0.17391304347826084,0,0,3.3547203702932884
