,game_id,white_player,wn_pair,wn_outpost,wn_repositioning,wn_mobility,wb_pair,wk_side_fianchetto,wq_side_fianchetto,wb_mobility,wlong_diagonal_control,wopposite_color_b,b_p_coherency,wn_b_trade_pref,wn_b_develop_pref,wopen_files,wsemi_open_files,wback_rank_r,wdoubled_r,wdoubled_with_q,wr_mobility,wq_aggression,wq_fianchetto,wq_invasion,wq_mobility,A,B,C,D,E,A#,B#,C#,D#,E#,w_development_side,wc_earliness,wc_side,wc_relative,wc_artificial,wc_development,wp_king_protection,wp_center_strength,wp_doubled,wp_isolated,wp_backward,wp_tension,wp_color,wp_forwardness,wp_guarded_forwardness,wp_en_passant,wp_storming,wp_chain_count,wp_longest_chain,wp_non_queen,wb_rank,wb_file,wb_density,wb_attack,wb_pawn_pref,wb_minor_pref,wb_rook_pref,wb_queen_pref,wcl_MLL,wcl_ML,wcl_MM,wcl_MR,wcl_MRR,wcl_BL,wcl_BM,wcl_BR,discovered_checks_set_up,discovered_checks_given,discovered_checks_chances,P_moves,N_moves,B_moves,R_moves,Q_moves,K_moves,pins_given,time_pinned,fork_counter,pieces_guarded,num_trades,num_direct_trades,num_indirect_trades,num_direct_trades_white,num_indirect_trades_white,avg_time_between_direct_trade,exchanges_possible,king_squares_attacked,king_moves,king_moves_weighted,distance_from_king
0,https://lichess.org/c0wip9AP,Grandelicious,0,0.0,0.0,0.1111111111111111,1,0,1,2.1333333333333333,0.5333333333333333,0,0.0,-1.2463768115942029,-0.07407407407407407,0.4888888888888889,0.022222222222222223,0.0,0.0,0.08888888888888889,4.822222222222222,0.0,0.0,0.027777777777777776,3.861111111111111,0.0,0.0,0.0,0.0,1.0,0.0,0.0,0.0,0.0,17.0,0.4285714285714286,0.16666666666666666,1,1,0,0.0,2.0,2.000821373303067,0.0,0.9333333333333333,1.511111111111111,0.15555555555555556,-0.33333333333333337,2.558201058201059,2.2888888888888888,0.0,0.2070295530102942,0.1111111111111111,1.9777777777777779,0.0,1.8868742368742366,0.6120065120065118,0.3779768287299464,37.2,0.4991452991452991,0.49777777777777776,0.5,0.5,0.0,0.0,0.19444444444444445,0.29444444444444445,0.5,0.3259259259259261,0.0,0.4888888888888883,1,0,0,0.35135135135135137,0.08108108108108109,0.2972972972972973,0.10810810810810811,0.16216216216216217,0.02702702702702703,4,1.0,1,0.0016567856012300456,3,3,0,0,0,1.3333333333333333,0.5277777777777778,0.6888888888888889,0,0,3.4097336549767086
1,https://lichess.org/apyKqTi4,Grandelicious,0,0.0,0.054022988505747126,0.0,1,0,1,3.586206896551724,0.7931034482758621,0,1.9444444444444444,-2.1333333333333333,-0.5853658536585366,0.27586206896551724,0.034482758620689655,0.0,0.06896551724137931,0.13793103448275862,3.586206896551724,0.0,0.0,0.0,2.35,1.0,0.0,0.0,0.0,0.0,7.0,0.0,0.0,0.0,0.0,0.5,0.16666666666666666,1,1,0,0.0,2.6,1.259687773499297,0.034482758620689655,0.2413793103448276,2.3793103448275863,0.5517241379310345,0.19999999999999996,1.7517241379310342,0.0,0.0,0.17889645410355737,0.4827586206896552,2.4827586206896552,0.0,1.2107467245398278,0.20385151247220212,0.42487352626712427,35.3448275862069,0.5536559226214398,0.5057471264367817,0.5,0.4827586206896552,0.0,0.20689655172413793,0.017241379310344827,0.017241379310344827,0.0,0.2988505747126436,0.4482758620689655,0.7471264367816094,0,0,0,0.28125,0.125,0.1875,0.375,0.03125,0.03125,1,5.0,0,0.003021040922348889,6,6,0,4,0,1.0,0.7,0.1724137931034483,0,0,3.171218407107294
2,https://lichess.org/NAIt4xHS,Grandelicious,0,0.0,0.0,2.25,0,1,1,1.25,1.0,-1,-0.16666666666666666,0.0,-0.10344827586206896,0.5,0.0,0.0,0.0,0.0,2.5,0.0,0.0,0.0,2.5714285714285716,1.0,0.0,0.0,0.0,0.0,5.0,0.0,0.0,0.0,0.0,0.1785714285714286,0.16666666666666666,1,1,0,0.0,3.3,0.34299717028501764,0.0,0.0,2.0,0.0,0.0,1.3333333333333333,0.0,0.0,0.18535637504582034,0.0,2.0,0.0,1.1538461538461537,0.11538461538461542,0.3881578947368421,37.0,0.5454545454545454,0.5,0.5,0.5,0.0,0.25,0.0,0.0,0.0,0.3333333333333333,0.0,0.6666666666666666,0,0,0,0.39999999999999997,0.06666666666666667,0.2,0.13333333333333333,0.2,0.06666666666666667,1,1.0,0,0.004807692307692308,3,3,0,3,0,0.0,0.42857142857142855,0.0,0,0,3.4479488996453296
3,https://lichess.org/CQnIlU0P,Grandelicious,1,0.0,0.043681205364508445,2.586206896551724,0,0,1,0.7586206896551724,0.0,-1,1.05,0.7727272727272727,0.6956521739130435,0.6896551724137931,0.8620689655172413,0.04,0.3448275862068966,0.0,6.103448275862069,0.0,0.0,0.0,2.06,1.0,0.0,0.0,0.0,0.0,4.0,0.0,0.0,0.0,0.0,0.4285714285714286,0.038461538461538464,-1,1,0,1.0,2.6999999999999997,1.6983821800424566,0.0,0.3793103448275862,0.2413793103448276,0.13793103448275862,-0.33333333333333337,1.6166666666666667,0.0,0.0,0.17611057853070355,0.8275862068965517,2.6551724137931036,0.0,1.4737249340697618,0.022442212959454366,0.36669910616762463,35.03448275862069,0.5104914242845277,0.5264367816091953,0.5,0.4827586206896552,0.0,0.0,0.2413793103448276,0.20689655172413793,0.06896551724137931,0.28735632183908033,0.034482758620689655,0.5057471264367819,0,0,0,0.3,0.2333333333333333,0.1,0.3,0.06666666666666667,0.03333333333333333,9,1.8,0,0.002690445371777119,5,5,0,1,0,1.0,0.44,0.6551724137931034,0,0,3.3388444684944676
4,https://lichess.org/f1IMMi1r,Grandelicious,0,0.0,0.03025210084033613,1.2352941176470589,0,0,1,2.4705882352941178,0.4117647058823529,0,-1.1,0.14814814814814814,0.0,0.35294117647058826,0.23529411764705882,0.0,0.0,0.5882352941176471,4.764705882352941,0.14285714285714285,0.0,0.0,4.7105263157894735,1.0,0.0,0.0,0.0,0.0,8.0,0.0,0.0,0.0,0.0,0.25714285714285734,0.0625,1,0,0,0.0,3.3,0.5045045756929338,0.0,0.0,1.1764705882352942,0.0,-0.6,1.172549019607843,0.0,0.0,0.1586566716903357,0.0,2.0,0.0,1.1404634581105169,0.11397915809680516,0.36335406324523406,38.05882352941177,0.5187165775401068,0.3980392156862744,0.5196078431372548,0.5,0.47058823529411764,0.0,0.029411764705882353,0.029411764705882353,0.0,0.1372549019607843,0.0,0.45098039215686275,0,0,0,0.20754716981132074,0.09433962264150943,0.09433962264150943,0.3962264150943396,0.05660377358490566,0.16981132075471697,6,4.2,0,0.03223343361751667,5,5,0,4,0,1.0,0.6842105263157895,0.7058823529411765,0,0,3.3067795898059047
5,https://lichess.org/qD0Jpkqc,Grandelicious,0,0.07142857142857142,0.37174036281179135,2.642857142857143,0,0,1,2.0357142857142856,0.7142857142857143,0,1.75,0.2857142857142857,0.7368421052631579,0.0,0.0,0.0,0.0,0.0,3.0714285714285716,0.0,0.0,0.0,2.8125,1.0,0.0,0.0,0.0,0.0,13.0,0.0,0.0,0.0,0.0,0.4285714285714286,0.125,1,1,0,0.0,3.3,0.8472958034974907,0.0,0.0,2.0,0.0,-0.1428571428571429,1.285714285714286,0.0,0.0,0.15784719800567104,0.0,2.0,0.0,1.2994005994005995,0.2534596356024928,0.411608763026006,35.142857142857146,0.510989010989011,0.4520408163265306,0.4880952380952381,0.5714285714285714,0.0,0.0,0.125,0.07142857142857142,0.0,0.3333333333333333,0.0,0.476190476190476,0,0,0,0.19047619047619047,0.3333333333333333,0.19047619047619047,0.09523809523809523,0.19047619047619047,0.047619047619047616,2,1.0,1,0.019228588871446014,3,3,0,1,0,2.0,0.5,1.0,0,0,3.4216945034132547
6,https://lichess.org/1SYRYGkJ,Grandelicious,1,0.0,0.1729352346999406,2.630434782608696,0,0,0,0.17391304347826086,0.0,-1,1.6666666666666667,0.0,0.42105263157894735,0.21739130434782608,0.043478260869565216,0.0,0.0,0.0,2.5217391304347827,0.0,0.0,0.0,2.658536585365854,1.0,0.0,0.0,0.0,0.0,4.0,0.0,0.0,0.0,0.0,0.04761904761904767,0.05,1,1,0,0.6666666666666667,3.0,2.498126116401528,1.0,0.13043478260869565,0.043478260869565216,0.21739130434782608,-0.19999999999999996,1.5870600414078682,0.2608695652173913,0.0,0.1667426148295292,0.34782608695652173,2.347826086956522,0.0,1.209792381531512,-0.11787125917560701,0.39833648365166097,34.56521739130435,0.5267254484645789,0.517391304347826,0.5,0.4782608695652174,0.0,0.0,0.33695652173913043,0.0,0.0,0.42028985507246375,0.391304347826087,0.5217391304347828,0,0,0,0.40909090909090917,0.31818181818181823,0.13636363636363635,0.09090909090909091,0.045454545454545456,0.045454545454545456,2,2.0,0,0.004072140839626662,5,5,0,0,0,1.0,0.6,0.13043478260869565,0,0,3.463151599980868
7,https://lichess.org/mQz3O0D6,Grandelicious,0,0.041666666666666664,0.12268080843448488,2.8125,0,0,0,2.3333333333333335,0.25,1,-4.0,-0.3142857142857143,0.5454545454545454,0.4583333333333333,1.0,0.0,0.0,0.0,5.791666666666667,0.0,0.0,0.0,1.2444444444444445,1.0,0.0,0.0,0.0,0.0,4.0,0.0,0.0,0.0,0.0,0.0,0.07142857142857142,1,1,0,0.6666666666666667,3.2,1.858664263081663,0.041666666666666664,0.0,0.875,0.08333333333333333,-0.33333333333333337,1.7490079365079374,0.041666666666666664,0.0,0.1719709576284736,0.2916666666666667,2.2916666666666665,0.0,1.3692612942612943,0.4021214896214895,0.35588454638400835,38.083333333333336,0.5790841103341101,0.4998015873015873,0.5,0.4791666666666667,0.0,0.22916666666666666,0.20833333333333334,0.052083333333333336,0.0,0.0,0.5,0.5833333333333334,0,0,0,0.40540540540540543,0.1891891891891892,0.21621621621621623,0.13513513513513514,0.0,0.08108108108108109,4,1.0,0,0.002779369550202883,6,6,0,3,0,1.0,0.45454545454545453,0.125,0,0,3.3270958876514425
8,https://lichess.org/dmOURlS3,Grandelicious,0,0.32,0.47135614385614377,3.34,0,0,1,1.12,0.48,1,-7.0,-0.11428571428571428,0.35294117647058826,0.0,0.04,0.0,0.0,0.0,3.92,0.41935483870967744,0.0,0.0,4.053571428571429,1.0,0.0,0.0,0.0,0.0,4.0,0.0,0.0,0.0,0.0,0.11111111111111116,0.16666666666666666,1,1,0,0.0,2.8,3.3599498467473383,0.0,1.0,2.24,0.56,-0.19999999999999996,2.4146666666666663,1.6,0.0,0.19364918788774285,0.0,1.92,0.0,1.7925940725940728,0.47180419580419597,0.3831794464136569,38.0,0.4966433566433567,0.3935238095238096,0.6466666666666664,0.5,0.0,0.25,0.5,0.1,0.0,0.04,0.0,0.38666666666666666,0,0,0,0.41379310344827597,0.2758620689655173,0.13793103448275862,0.10344827586206896,0.06896551724137931,0.034482758620689655,0,3.0,0,0.0020790986790986793,5,5,0,2,0,1.0,0.8571428571428571,0.08,0,0,3.3748625266928842
9,https://lichess.org/c2nd4TZa,Grandelicious,0,0.0,0.015603574763238627,0.5714285714285714,1,0,0,2.085714285714286,0.4857142857142857,1,0.23809523809523808,-0.9113924050632911,1.5172413793103448,0.8857142857142857,0.0,0.0,0.0,0.0,6.228571428571429,1.0769230769230769,0.0,0.0,2.639344262295082,1.0,0.0,0.0,0.0,0.0,6.0,0.0,0.0,0.0,0.0,0.04761904761904767,0.0,0,0,0,0.0,2.8,1.7452734203987867,0.0,0.0,1.9142857142857144,0.45714285714285713,0.1428571428571428,2.0979591836734692,1.0,0.0,0.20892061925528602,0.05714285714285714,2.057142857142857,0.0,1.5300627943485086,0.39772370486656206,0.38995681712993274,37.628571428571426,0.5,0.5019047619047619,0.5,0.5142857142857142,0.0,0.007142857142857143,0.16428571428571428,0.25,0.5,0.3523809523809523,0.6142857142857143,0.19999999999999993,0,0,0,0.3170731707317073,0.14634146341463414,0.2439024390243902,0.14634146341463414,0.04878048780487805,0.0975609756097561,2,0.0,0,0.0020832149709700733,5,5,0,4,0,1.0,0.6,0.6571428571428571,2,46,3.2232012477504286
10,https://lichess.org/7Qlp6YHl,Grandelicious,0,0.0,0.010277777777777778,2.4,0,0,1,1.275,0.95,-1,-2.112676056338028,-1.1789473684210525,0.64,0.5,0.4,0.0,0.0,0.0,5.3,0.96,0.0,0.0,4.111111111111111,1.0,0.0,0.0,0.0,0.0,7.0,0.0,0.0,0.0,0.0,0.0,0.03571428571428571,1,1,0,0.6666666666666667,2.8,2.7964985578003807,1.0,0.0,1.25,1.1,0.1428571428571428,2.0419642857142866,0.65,0.0,0.1893395626777024,0.0,2.0,0.0,1.6730494505494509,0.3708058608058609,0.4317766640255221,39.05,0.5016666666666667,0.4966666666666667,0.5083333333333333,0.5,0.175,0.025,0.5,0.1625,0.0,0.41666666666666663,0.15,0.6666666666666664,0,0,0,0.22448979591836732,0.08163265306122448,0.1020408163265306,0.1020408163265306,0.469387755102041,0.04081632653061224,16,4.0,0,0.0032750741322169893,6,5,1,3,1,1.0,0.9090909090909091,1.0,0,0,3.382301355023576
11,https://lichess.org/2sNeBaoD,Grandelicious,1,0.3111111111111111,0.18282762908216338,2.811111111111111,0,0,0,1.8222222222222222,0.0,0,3.8666666666666667,1.9365079365079365,1.7241379310344827,0.022222222222222223,1.8,0.0,0.0,0.044444444444444446,5.711111111111111,0.782608695652174,0.0,0.0,3.9558823529411766,1.0,0.0,0.0,0.0,0.0,4.0,0.0,0.0,0.0,0.0,-0.08571428571428563,0.05,1,1,0,0.33333333333333337,2.4,1.6943567965526398,0.0,1.0,0.7111111111111111,0.06666666666666667,0.0,1.8074074074074074,0.0,0.0,0.1668503721315056,0.0,1.711111111111111,0.0,1.641963221963222,0.02567469567469567,0.39863461520247306,38.977777777777774,0.5084848484848487,0.49111111111111105,0.5111111111111112,0.5,0.4,0.26666666666666666,0.3888888888888889,0.011111111111111112,0.24444444444444444,0.2814814814814816,0.044444444444444446,0.22962962962962966,0,0,0,0.2285714285714286,0.2285714285714286,0.11428571428571428,0.14285714285714285,0.28571428571428575,0.02857142857142857,9,1.0,0,0.0013242981983722726,4,4,0,3,0,1.0,0.5294117647058824,0.35555555555555557,0,0,3.273635477630576
12,https://lichess.org/qedVBOSP,Grandelicious,0,0.0,0.0,3.28,0,0,0,2.3,0.0,-1,0.0,0.0,0.9565217391304348,0.92,0.0,0.0,0.04,0.08,5.6,0.42857142857142855,0.0,0.0,4.717391304347826,1.0,0.0,0.0,0.0,0.0,4.0,0.0,0.0,0.0,0.0,0.0,0.0625,1,1,0,0.33333333333333337,3.0,0.6859943405700352,0.4,0.0,0.0,0.0,0.0,1.066666666666667,0.0,0.0,0.14954357090922163,0.0,1.4,0.0,1.3215571095571093,0.3466247086247087,0.37862565143549864,41.92,0.5,0.4893333333333334,0.49333333333333335,0.5,0.0,0.0,0.11,0.1,0.12,0.3333333333333332,0.22,0.14666666666666667,0,0,0,0.20000000000000004,0.20000000000000004,0.1090909090909091,0.09090909090909091,0.27272727272727276,0.14545454545454548,9,1.3333333333333333,0,0.005342408702408702,7,6,1,1,0,1.0,0.782608695652174,0.36,0,0,3.3381207379576945
13,https://lichess.org/JFDUOjU6,Grandelicious,0,0.0,0.1883613860132489,2.586206896551724,0,1,1,2.2758620689655173,1.0344827586206897,-1,-0.1,0.0,-0.23529411764705882,0.1724137931034483,0.6896551724137931,0.0,0.0,0.0,6.517241379310345,0.08695652173913043,0.0,0.0,2.8461538461538463,1.0,0.0,0.0,0.0,0.0,5.0,0.0,0.0,0.0,0.0,0.04761904761904767,0.08333333333333333,1,1,0,0.33333333333333337,2.2,2.6323286177129677,0.0,0.7931034482758621,1.1379310344827587,0.5172413793103449,-0.6,2.414614121510673,0.6896551724137931,0.0,0.18562809368942232,0.0,1.0344827586206897,0.0,1.8037967779347095,0.11262875055978508,0.37046118858654714,40.03448275862069,0.5002411381721726,0.5264367816091953,0.5,0.5,0.3448275862068966,0.25,0.29310344827586204,0.3017241379310345,0.0,0.3333333333333333,0.5,0.36781609195402293,0,0,0,0.37037037037037035,0.25925925925925924,0.18518518518518517,0.1111111111111111,0.07407407407407407,0.037037037037037035,9,1.0,0,0.002250444759362713,5,5,0,2,0,1.0,0.6538461538461539,0.0,0,0,3.418372199381815
14,https://lichess.org/Z9l3dGoe,Grandelicious,0,0.0,0.07802742294327147,1.596774193548387,1,1,1,2.2903225806451615,0.4838709677419355,0,1.75,-0.625,0.13333333333333333,0.1935483870967742,0.22580645161290322,0.0,0.0,0.0967741935483871,4.709677419354839,0.0,0.0,0.0,2.8703703703703702,1.0,0.0,0.0,0.0,0.0,12.0,0.0,0.0,0.0,0.0,0.26530612244897966,0.16666666666666666,1,1,0,0.0,2.2,2.5242517359659127,0.0967741935483871,0.0,2.4516129032258065,0.9354838709677419,-0.33333333333333337,2.509216589861751,0.8387096774193549,0.0,0.1908644726554975,0.7741935483870968,2.774193548387097,0.0,1.8029607489284907,0.1942182817182817,0.43541223304288806,37.774193548387096,0.501985111662531,0.48801843317972354,0.5053763440860215,0.4838709677419355,0.5,0.10483870967741936,0.5080645161290323,0.03225806451612903,0.3870967741935484,0.741935483870968,0.016129032258064516,0.6559139784946237,0,0,0,0.253731343283582,0.08955223880597014,0.11940298507462686,0.23880597014925364,0.04477611940298507,0.26865671641791034,6,1.6,0,0.0022209742650689574,7,6,1,2,1,1.25,1.0,0.4838709677419355,0,0,3.422285451174341
15,https://lichess.org/KGwwfxx8,Grandelicious,0,0.1794871794871795,0.17990231945887594,2.4871794871794872,0,0,1,3.051282051282051,0.48717948717948717,1,1.1071428571428572,-1.4054054054054055,-0.41379310344827586,0.28205128205128205,0.02564102564102564,0.0,0.0,0.0,3.717948717948718,0.2727272727272727,0.0,0.01639344262295082,2.5737704918032787,1.0,0.0,0.0,0.0,0.0,7.0,0.0,0.0,0.0,0.0,0.5428571428571429,0.05,1,1,0,0.0,2.4,1.8055599142777037,0.02564102564102564,0.05128205128205128,1.641025641025641,0.41025641025641024,-0.5,2.2003663003663005,0.02564102564102564,0.0,0.1972979672621887,0.6923076923076923,2.6923076923076925,0.0,1.8622239583778037,0.4563462178846793,0.37731435305654504,37.282051282051285,0.5059071982148905,0.5025641025641026,0.5042735042735043,0.5128205128205128,0.3076923076923077,0.20512820512820512,0.2564102564102564,0.0,0.34615384615384615,0.3247863247863248,0.41025641025641024,0.7692307692307698,0,0,0,0.28813559322033905,0.13559322033898305,0.15254237288135594,0.2372881355932204,0.06779661016949153,0.13559322033898305,2,1.6666666666666667,1,0.002452336180146831,7,7,0,4,0,1.0,0.5,0.1282051282051282,0,0,3.303476757001347
16,https://lichess.org/CBv29fpw,Grandelicious,0,0.0,0.11852651316937032,0.40476190476190477,1,0,1,2.857142857142857,0.6190476190476191,-1,4.6,-1.0163934426229508,-0.2553191489361702,0.023809523809523808,1.5238095238095237,0.0,0.0,0.19047619047619047,5.690476190476191,0.24,0.0,0.014925373134328358,3.7611940298507465,1.0,0.0,0.0,0.0,0.0,7.0,0.0,0.0,0.0,0.0,0.346938775510204,0.16666666666666666,1,1,0,0.0,1.4,1.610477564306143,0.023809523809523808,1.0238095238095237,1.1904761904761905,0.047619047619047616,-0.5,2.1452380952380943,0.40476190476190477,0.0,0.17136228974304818,0.0,1.4047619047619047,0.0,1.5646510896510892,0.09589299589299588,0.3566051630479395,38.61904761904762,0.49975949975949974,0.4817460317460316,0.511904761904762,0.5,0.36904761904761907,0.08333333333333333,0.4226190476190476,0.07142857142857142,0.0,0.22222222222222218,0.047619047619047616,0.3333333333333335,1,0,0,0.35294117647058826,0.17647058823529413,0.14705882352941177,0.058823529411764705,0.2058823529411765,0.08823529411764705,19,2.3333333333333335,0,0.0017720859387526057,5,5,0,2,0,1.0,0.2727272727272727,2.3095238095238093,2,61,3.204037509385769
17,https://lichess.org/y64WsRT4,Grandelicious,1,0.18181818181818182,0.2104242866476455,3.121212121212121,0,1,1,1.3333333333333333,0.8484848484848485,0,-2.2222222222222223,1.511111111111111,1.1764705882352942,0.8787878787878788,0.5151515151515151,0.0,0.0,0.18181818181818182,4.484848484848484,0.0,0.0,0.0,2.9615384615384617,1.0,0.0,0.0,0.0,0.0,5.0,0.0,0.0,0.0,0.0,0.1428571428571428,0.05,1,1,0,0.6666666666666667,3.3,0.7907749480374889,0.06060606060606061,0.12121212121212122,2.0,0.18181818181818182,-0.6666666666666667,1.5108225108225102,0.0,0.0,0.15657636328705,0.0,2.0,0.0,1.3647140738049828,0.21545272908909266,0.41265359347032876,36.484848484848484,0.5066751430387794,0.5051948051948052,0.4949494949494949,0.48484848484848486,0.18181818181818182,0.2878787878787879,0.09848484848484848,0.0,0.0,0.3131313131313132,0.19696969696969696,0.5858585858585854,0,0,0,0.2127659574468085,0.29787234042553185,0.0851063829787234,0.276595744680851,0.06382978723404255,0.0851063829787234,3,1.0,1,0.0018741115022106755,6,6,0,3,0,1.0,0.8076923076923077,0.30303030303030304,0,0,3.308684253780408
18,https://lichess.org/oPYh1AlA,Grandelicious,0,0.0,0.5633608775242113,2.1666666666666665,0,1,1,2.1777777777777776,0.4888888888888889,-1,0.4,0.13043478260869565,-0.21052631578947367,0.28888888888888886,0.0,0.015625,0.0,0.2222222222222222,3.488888888888889,0.0,0.0,0.0,3.453125,1.0,0.0,0.0,0.0,0.0,4.0,0.0,0.0,0.0,0.0,0.38095238095238093,0.16666666666666666,1,1,0,0.0,2.8,1.339760734350518,0.37777777777777777,1.2666666666666666,2.3555555555555556,0.7333333333333333,-0.6666666666666667,1.5539682539682542,0.0,0.0,0.16024631300640085,0.0,2.0,0.0,1.3635627335627332,0.21501202501202496,0.45091870751199953,36.86666666666667,0.5145299145299145,0.5704761904761908,0.4962962962962963,0.5,0.2222222222222222,0.06666666666666667,0.1111111111111111,0.05555555555555555,0.0,0.6518518518518523,0.18888888888888888,0.5333333333333337,0,0,0,0.2058823529411765,0.35294117647058826,0.17647058823529413,0.08823529411764705,0.14705882352941177,0.058823529411764705,8,2.0,0,0.0009233452418637608,4,4,0,2,0,1.5,1.25,0.8666666666666667,1,31,3.09927114263052
19,https://lichess.org/vvT7su70,Grandelicious,0,0.0,0.18230716109158346,2.1052631578947367,0,0,1,0.3157894736842105,0.10526315789473684,1,0.4,0.5185185185185185,-0.11428571428571428,0.2631578947368421,0.5789473684210527,0.0,0.0,0.21052631578947367,3.526315789473684,0.0,0.0,0.0,4.2272727272727275,1.0,0.0,0.0,0.0,0.0,4.0,0.0,0.0,0.0,0.0,0.25,0.08333333333333333,1,1,0,0.33333333333333337,3.3,1.117819404039601,0.0,0.3684210526315789,2.0526315789473686,0.3684210526315789,-1.0,1.515538847117795,0.0,0.0,0.16564132266681336,0.0,2.0,0.0,1.3274219932114673,-0.12135320819531348,0.3535089064275192,35.21052631578947,0.48075082811924913,0.5087719298245613,0.4912280701754386,0.5,0.10526315789473684,0.07894736842105263,0.07894736842105263,0.0,0.0,0.3333333333333332,0.23684210526315788,0.3333333333333332,0,0,0,0.30000000000000004,0.08571428571428572,0.07142857142857142,0.15714285714285717,0.14285714285714288,0.2571428571428572,5,1.25,0,0.004378151857376235,4,3,1,3,0,0.0,0.7272727272727273,1.0,0,0,3.513666934916934
20,https://lichess.org/nkTQQfRv,Grandelicious,0,0.0,0.11665634464227814,2.0945945945945947,0,0,0,3.324324324324324,0.5945945945945946,1,3.4791666666666665,0.03125,1.7241379310344827,0.21621621621621623,1.5945945945945945,0.0,0.21621621621621623,0.10810810810810811,6.45945945945946,0.782608695652174,0.0,0.0,4.55,1.0,0.0,0.0,0.0,0.0,4.0,0.0,0.0,0.0,0.0,-0.08571428571428563,0.05,1,1,0,0.33333333333333337,3.0,0.9545489810409501,0.0,0.43243243243243246,0.32432432432432434,0.0,0.19999999999999996,1.3063063063063067,0.0,0.0,0.15778747581621672,0.0,1.3243243243243243,0.0,1.5664073164073162,0.25029400029400034,0.3752820868759216,39.351351351351354,0.4791154791154793,0.4927927927927928,0.5,0.4864864864864865,0.08108108108108109,0.05405405405405406,0.27702702702702703,0.14864864864864866,0.0,0.19819819819819812,0.0,0.3153153153153155,0,0,0,0.20833333333333334,0.12499999999999999,0.12499999999999999,0.29166666666666663,0.12499999999999999,0.14583333333333331,7,1.5,0,0.0020355831166641984,6,6,0,2,0,1.0,0.6333333333333333,0.35135135135135137,0,0,3.3228388617555296
21,https://lichess.org/a2Yo5Zsu,Grandelicious,0,0.0,0.0,1.3333333333333333,0,0,1,0.9166666666666666,0.0,-1,-0.0297029702970297,-0.044444444444444446,0.24489795918367346,0.0,0.0,0.0,0.0,0.0,2.4166666666666665,0.0,0.0,0.16216216216216217,3.054054054054054,1.0,0.0,0.0,0.0,0.0,7.0,0.0,0.0,0.0,0.0,0.4285714285714286,0.125,1,1,0,0.0,2.5,1.6079505961387695,0.5833333333333334,0.0,1.0,0.0,-0.1428571428571429,1.9404761904761905,0.5833333333333334,0.0,0.1852540880375545,0.0,1.0,0.0,1.5694444444444444,-0.07425213675213682,0.3636246136386114,37.75,0.5288461538461537,0.48611111111111116,0.5,0.5416666666666666,0.0,0.0,0.3541666666666667,0.25,0.0,0.1111111111111111,0.0,0.6666666666666666,0,0,0,0.2222222222222222,0.06349206349206349,0.23809523809523808,0.047619047619047616,0.06349206349206349,0.38095238095238093,1,1.0,0,0.017272079772079767,6,5,1,4,1,1.0,0.8888888888888888,1.3333333333333333,1,28,3.3799507549507557
22,https://lichess.org/fOObZ3gd,Grandelicious,0,0.047619047619047616,0.05197816163502439,2.642857142857143,0,0,1,2.4761904761904763,0.6904761904761905,-1,1.0625,0.24347826086956523,0.34782608695652173,0.23809523809523808,0.023809523809523808,0.0,0.0,0.2857142857142857,3.8095238095238093,0.3333333333333333,0.0,0.05,3.95,1.0,0.0,0.0,0.0,0.0,8.0,0.0,0.0,0.0,0.0,0.4285714285714286,0.125,1,1,0,0.0,2.6,1.4301848397896824,0.0,0.3333333333333333,1.4523809523809523,0.2619047619047619,-0.19999999999999996,1.5900226757369613,0.21428571428571427,0.0,0.16744653598433518,0.0,2.0,0.0,1.2813455063455064,0.07197656840513986,0.4012129547274822,38.357142857142854,0.5024790024790026,0.48083900226757353,0.515873015873016,0.4880952380952381,0.0,0.047619047619047616,0.19047619047619047,0.0,0.0,0.253968253968254,0.5238095238095238,0.7460317460317466,0,0,0,0.278481012658228,0.06329113924050633,0.13924050632911394,0.18987341772151906,0.13924050632911394,0.20253164556962033,8,3.0,0,0.0017067566472328379,6,5,1,2,1,1.0,0.4666666666666667,0.5238095238095238,0,0,3.3550792463709134
23,https://lichess.org/RP9Eb5og,Grandelicious,0,0.0,0.16535947712418303,2.0588235294117645,0,1,1,1.7941176470588236,0.7647058823529411,0,0.0,-1.0857142857142856,-0.42105263157894735,0.0,0.058823529411764705,0.0,0.0,0.0,1.7058823529411764,0.0,0.0,0.0,1.5714285714285714,1.0,0.0,0.0,0.0,0.0,8.0,0.0,0.0,0.0,0.0,0.1428571428571428,0.1,1,1,0,0.33333333333333337,3.0,2.5204588088078483,0.058823529411764705,0.0,3.235294117647059,0.6470588235294118,0.75,1.7794117647058822,0.0,0.0,0.1676749199581495,1.2352941176470589,2.764705882352941,0.0,1.1450980392156858,0.017647058823529377,0.48391377389325413,33.470588235294116,0.5019607843137255,0.5,0.5,0.5,0.23529411764705882,0.014705882352941176,0.19117647058823528,0.04411764705882353,0.0,0.45098039215686253,0.5588235294117647,0.37254901960784315,0,0,0,0.5000000000000001,0.2777777777777778,0.16666666666666666,0.05555555555555555,0.0,0.05555555555555555,1,0.0,0,0.001964628988850442,1,1,0,1,0,0.0,0.6470588235294118,0.0,0,0,3.3622830687830683
24,https://lichess.org/OPAU5Ux0,Grandelicious,0,0.0,0.014086882759483377,0.975,1,0,0,2.5,0.725,-1,-1.5,-0.3448275862068966,1.1428571428571428,0.25,0.625,0.0,0.0,0.2,5.125,0.0,0.0,0.0,3.716666666666667,0.0,0.0,1.0,0.0,0.0,0.0,0.0,41.0,0.0,0.0,-0.09523809523809523,0.08333333333333333,1,1,0,0.33333333333333337,1.5,1.7681136352209392,0.125,0.825,1.275,0.4,-0.33333333333333337,2.1150892857142853,1.7,0.0,0.18121917947712202,0.0,0.675,0.0,1.4531140387390387,0.3542606351981351,0.3605611073819532,36.9,0.42966491841491844,0.496547619047619,0.5,0.5,0.125,0.08125,0.19375,0.1125,0.025,0.016666666666666666,0.4125,0.10833333333333332,0,0,0,0.38709677419354827,0.12903225806451613,0.0967741935483871,0.22580645161290322,0.12903225806451613,0.06451612903225806,8,1.0,0,0.0024185379228906017,5,4,1,2,0,1.0,0.7,0.5,1,35,3.4148519582269588
25,https://lichess.org/Yw8saOy3,Grandelicious,0,0.34782608695652173,0.03676564980912807,2.8260869565217392,0,1,0,1.4565217391304348,0.9130434782608695,-1,2.0,0.0,1.1724137931034482,0.9565217391304348,0.5652173913043478,0.0,0.0,0.0,4.043478260869565,0.21739130434782608,0.0,0.0,3.9347826086956523,0.0,0.0,0.0,1.0,0.0,0.0,0.0,0.0,32.0,0.0,-0.23809523809523814,0.0,0,0,0,0.0,1.4,0.7918232133566715,0.0,0.391304347826087,1.7391304347826086,0.0,-1.0,2.3572463768115943,0.6086956521739131,0.0,0.16789352814340944,0.6086956521739131,2.608695652173913,0.0,1.5426218708827404,-0.11001317523056647,0.34667758672928356,39.17391304347826,0.4529644268774704,0.5333333333333332,0.5,0.5,0.0,0.5,0.17391304347826086,0.0,0.0,0.43478260869565216,0.0,0.3478260869565217,0,0,0,0.4166666666666667,0.16666666666666666,0.125,0.041666666666666664,0.16666666666666666,0.08333333333333333,5,1.3333333333333333,0,0.003269315225836966,4,4,0,4,0,0.0,0.43478260869565216,1.9130434782608696,2,59,3.2830220866090434
26,https://lichess.org/qk0kW48Q,Grandelicious,0,0.1,0.16261093073593075,1.05,0,0,1,3.6,1.0,1,-0.5208333333333334,0.14084507042253522,0.7586206896551724,1.05,0.25,0.03508771929824561,0.4,0.0,6.4,0.24324324324324326,0.0,0.0,2.543859649122807,1.0,0.0,0.0,0.0,0.0,5.0,0.0,0.0,0.0,0.0,-0.02857142857142858,0.16666666666666666,1,1,0,0.0,3.3,2.000140504628738,0.0,0.0,1.0,0.15,0.0,1.7071428571428573,0.15,0.0,0.17261784356185697,1.0,3.05,0.0,1.3861013986013988,0.5548076923076924,0.362953094165558,36.4,0.5276223776223773,0.5083333333333333,0.5083333333333333,0.5,0.0,0.2625,0.0375,0.0,0.0,0.0,0.5,0.4166666666666667,0,0,0,0.25581395348837205,0.16279069767441862,0.13953488372093023,0.25581395348837205,0.11627906976744186,0.09302325581395349,10,3.0,0,0.004244755244755244,6,6,0,3,0,1.0,0.25,0.3,0,0,3.295048492226855
27,https://lichess.org/lpa8vTY8,Grandelicious,0,0.0,0.06298802705149455,1.7,0,0,1,3.2666666666666666,1.0,0,0.7619047619047619,0.41025641025641024,0.2608695652173913,0.3,0.5,0.0,0.0,0.5,5.166666666666667,0.0,0.0,0.0,2.769230769230769,1.0,0.0,0.0,0.0,0.0,4.0,0.0,0.0,0.0,0.0,0.4285714285714286,0.16666666666666666,1,1,0,0.0,1.8,0.48847823540000773,0.0,0.0,2.0,0.23333333333333334,0.0,1.3380952380952382,0.0,0.0,0.1565502439541598,0.0,2.0,0.0,1.2632561882561886,0.463089133089133,0.36594867451485097,35.93333333333333,0.5278088578088577,0.4422222222222224,0.5055555555555555,0.5,0.0,0.0,0.025,0.19166666666666668,0.15,0.3777777777777779,0.2,0.3333333333333333,0,0,0,0.18518518518518517,0.25925925925925924,0.18518518518518517,0.2222222222222222,0.1111111111111111,0.07407407407407407,1,0.0,0,0.004290741665741665,6,5,1,4,0,1.0,0.7307692307692307,0.0,1,31,3.2978775142236665
28,https://lichess.org/QyZqsH4A,Grandelicious,0,0.0,0.26539414673808265,2.5,0,0,1,1.6,0.0,-1,-4.666666666666667,0.0,0.5925925925925926,0.4,0.68,0.02857142857142857,0.68,0.12,5.2,0.8666666666666667,0.0,0.0,3.8714285714285714,1.0,0.0,0.0,0.0,0.0,4.0,0.0,0.0,0.0,0.0,0.2857142857142858,0.16666666666666666,1,1,0,0.0,1.8,1.7760669134897542,0.64,1.0,1.36,0.08,-1.0,2.9413333333333345,3.64,0.0,0.26549857748150346,0.0,2.0,0.0,2.2177855477855477,1.1603092463092464,0.4067101903716371,35.6,0.4834343434343434,0.44933333333333353,0.5066666666666666,0.5,0.0,0.0,0.34,0.27,0.0,0.14666666666666667,0.0,0.5733333333333335,0,0,0,0.27499999999999997,0.19999999999999998,0.15,0.22499999999999998,0.125,0.05,24,0.0,0,0.0021708780108780105,5,5,0,3,0,1.0,0.3142857142857143,0.0,0,0,3.302093450200593
29,https://lichess.org/Dq7LMx4n,Grandelicious,0,0.1,0.13640191918853245,3.0,0,0,1,2.5166666666666666,0.5333333333333333,0,0.0,0.0,0.6896551724137931,0.36666666666666664,0.3333333333333333,0.19642857142857142,0.0,0.0,6.066666666666666,0.0,0.0,0.0,2.0714285714285716,1.0,0.0,0.0,0.0,0.0,39.0,0.0,0.0,0.0,0.0,0.2142857142857142,0.1,1,1,0,0.33333333333333337,2.2,1.7583855839518014,0.0,0.43333333333333335,2.6666666666666665,0.0,0.33333333333333326,2.320634920634921,0.8666666666666667,0.0,0.19120191162563765,0.0,1.5666666666666667,0.0,2.0233044733044734,0.12456709956709958,0.3672686555539096,36.06666666666667,0.5271561771561769,0.5466666666666666,0.4500000000000002,0.5166666666666667,0.43333333333333335,0.14166666666666666,0.2916666666666667,0.21666666666666667,0.03333333333333333,0.22222222222222215,0.13333333333333333,0.4222222222222224,0,0,0,0.31034482758620696,0.20689655172413796,0.31034482758620696,0.10344827586206896,0.06896551724137931,0.034482758620689655,3,2.0,0,0.003688076914267389,3,3,0,1,0,1.0,0.25,0.1,0,0,3.4702383644794357
30,https://lichess.org/eYA1wA2x,Grandelicious,0,0.05714285714285714,0.38268187073627136,2.7285714285714286,0,0,1,1.9857142857142858,0.6571428571428571,-1,1.456140350877193,-0.24561403508771928,0.4,0.45714285714285713,0.08571428571428572,0.0,0.0,0.0,3.342857142857143,0.3333333333333333,0.0,0.0,3.3962264150943398,1.0,0.0,0.0,0.0,0.0,7.0,0.0,0.0,0.0,0.0,0.4285714285714286,0.16666666666666666,1,1,0,0.0,2.0,1.9043613491806841,0.0,0.02857142857142857,0.7142857142857143,0.05714285714285714,-0.33333333333333337,1.8850340136054415,0.5428571428571428,0.0,0.1839033792017912,0.0,1.4,0.0,1.5046967318395892,0.18380096094381806,0.38534824120084205,38.02857142857143,0.5157842157842158,0.5039455782312926,0.5047619047619047,0.5,0.0,0.0,0.37857142857142856,0.17857142857142858,0.0,0.17142857142857137,0.38571428571428573,0.6285714285714287,0,0,0,0.22448979591836732,0.18367346938775508,0.12244897959183672,0.2040816326530612,0.12244897959183672,0.16326530612244897,3,2.0,0,0.0018160921035556598,6,6,0,4,0,1.0,0.34615384615384615,0.9428571428571428,0,0,3.333279396471219
31,https://lichess.org/BQUJkXHN,Grandelicious,0,0.037037037037037035,0.41386778187142625,3.1296296296296298,0,0,0,4.703703703703703,0.0,-1,1.3461538461538463,0.0,1.2173913043478262,0.5555555555555556,0.037037037037037035,0.0,0.0,0.07407407407407407,5.62962962962963,0.0,0.0,0.0,4.051724137931035,1.0,0.0,0.0,0.0,0.0,4.0,0.0,0.0,0.0,0.0,0.09523809523809534,0.05555555555555555,1,1,0,0.33333333333333337,2.8,2.333371813624928,0.037037037037037035,0.48148148148148145,0.7037037037037037,0.25925925925925924,0.0,1.8720458553791886,1.0,0.0,0.17540592934393484,0.0,2.0,0.0,1.6606319606319602,0.192345925679259,0.36326715910414314,42.666666666666664,0.506431839765173,0.5063492063492063,0.5,0.5,0.1111111111111111,0.027777777777777776,0.3888888888888889,0.25,0.0,0.5432098765432098,0.018518518518518517,0.5185185185185187,0,0,0,0.3333333333333333,0.2333333333333333,0.16666666666666666,0.1,0.16666666666666666,0.03333333333333333,0,0.0,0,0.0019771015450027792,4,4,0,2,0,1.0,0.4827586206896552,0.0,0,0,3.3431731821818036
32,https://lichess.org/QBONdwAG,Grandelicious,0,0.0,0.0,3.4705882352941178,0,1,0,2.911764705882353,0.47058823529411764,0,0.0,-0.8636363636363636,0.9142857142857143,0.5294117647058824,0.0,0.09090909090909091,0.0,0.0,4.529411764705882,0.8888888888888888,0.0,0.022727272727272728,2.1363636363636362,1.0,0.0,0.0,0.0,0.0,15.0,0.0,0.0,0.0,0.0,-0.22448979591836726,0.027777777777777776,1,1,0,1.0,3.2,1.1831050807003,0.0,0.29411764705882354,1.7058823529411764,0.17647058823529413,0.0,1.4397759103641457,0.0,0.0,0.16201799127253375,0.0,2.0,0.0,1.3363156451391747,0.21027012203482795,0.4271708500799564,34.05882352941177,0.5310571781160015,0.5,0.5098039215686274,0.47058823529411764,0.0,0.0,0.25,0.0,0.0,0.35294117647058826,0.5,0.33333333333333326,0,0,0,0.2608695652173913,0.21739130434782608,0.17391304347826086,0.2608695652173913,0.08695652173913043,0.043478260869565216,0,2.0,0,0.004005654092159283,5,5,0,2,0,1.0,0.45454545454545453,0.0,0,0,3.3864540467949564
33,https://lichess.org/RyApF2Zs,Grandelicious,0,0.0,0.07471210706504824,0.8,1,1,1,2.5,0.9666666666666667,-1,1.8309859154929577,0.0,0.6666666666666666,0.5,0.36666666666666664,0.0,0.0,0.0,4.433333333333334,0.0,0.0,0.0,3.830508474576271,1.0,0.0,0.0,0.0,0.0,4.0,0.0,0.0,0.0,0.0,0.20634920634920628,0.16666666666666666,1,1,0,0.0,2.2,1.7572107326581115,0.0,1.0,2.1666666666666665,0.0,-1.0,2.133333333333333,0.23333333333333334,0.0,0.1896962537011005,0.7666666666666667,2.7666666666666666,0.0,1.5552253302253298,0.2603729603729603,0.3672079403168756,36.8,0.5,0.5033333333333333,0.5055555555555556,0.5166666666666667,0.18333333333333332,0.075,0.2916666666666667,0.08333333333333333,0.38333333333333336,0.4222222222222224,0.0,0.3333333333333333,1,1,1,0.2361111111111112,0.06944444444444445,0.13888888888888892,0.25000000000000006,0.1944444444444445,0.12500000000000003,7,2.4,0,0.0020439868773202098,7,6,1,5,1,1.0,0.41379310344827586,0.3,0,0,3.3395103703578286
34,https://lichess.org/dJ1ipkeh,Grandelicious,0,0.0,0.11528417400678916,2.5606060606060606,0,1,1,1.7878787878787878,0.30303030303030304,-1,-0.6428571428571429,0.0,0.15384615384615385,0.7878787878787878,0.06060606060606061,0.125,0.18181818181818182,0.0,6.121212121212121,0.0967741935483871,0.0,0.0,3.5625,1.0,0.0,0.0,0.0,0.0,5.0,0.0,0.0,0.0,0.0,0.0793650793650793,0.07142857142857142,1,1,0,0.6666666666666667,2.0,2.9921947385005554,0.06060606060606061,0.030303030303030304,2.272727272727273,0.696969696969697,0.6000000000000001,2.5876623376623358,1.5454545454545454,0.0,0.2163637515331713,0.36363636363636365,2.3636363636363638,0.0,1.933361083361083,0.6830308580308581,0.4386053740660773,39.93939393939394,0.5012220103129194,0.5021645021645021,0.5,0.5,0.13636363636363635,0.25,0.5454545454545454,0.2878787878787879,0.0,0.2424242424242424,0.0,0.878787878787879,0,0,0,0.3939393939393938,0.18181818181818182,0.15151515151515152,0.18181818181818182,0.06060606060606061,0.06060606060606061,4,0.0,0,0.0014970048790395112,4,4,0,3,0,1.0,0.59375,0.5454545454545454,1,39,3.1792428520553533
35,https://lichess.org/OmC7cZJl,Grandelicious,0,0.0,0.07589285714285714,3.2142857142857144,0,0,1,2.6785714285714284,0.5,0,0.0,0.0,0.7096774193548387,0.0,0.7142857142857143,0.0,0.0,0.0,3.642857142857143,0.0,0.0,0.0,2.6136363636363638,1.0,0.0,0.0,0.0,0.0,5.0,0.0,0.0,0.0,0.0,0.0793650793650793,0.1,1,1,0,0.33333333333333337,2.2,2.3896662646917894,0.0,0.0,2.4285714285714284,0.0,0.1428571428571428,2.448979591836735,1.0,0.0,0.18086040612447535,1.5714285714285714,3.0,0.0,1.6836734693877549,0.2040816326530612,0.42311437719678363,37.0,0.5,0.5,0.5,0.5,0.5,0.25,0.4642857142857143,0.10714285714285714,0.2857142857142857,0.3333333333333333,0.2857142857142857,0.3333333333333333,0,0,0,0.34782608695652173,0.30434782608695654,0.17391304347826086,0.13043478260869565,0.043478260869565216,0.043478260869565216,4,0.0,0,0.003146258503401361,2,2,0,0,0,1.0,0.18181818181818182,0.0,0,0,3.467343374218373
36,https://lichess.org/Tlw9gwwq,Grandelicious,0,0.0,0.0075,1.28,0,1,1,2.2,1.04,-1,-1.5,0.0,0.0,0.0,0.88,0.0,0.2,0.16,3.72,0.0,0.0,0.0,3.239130434782609,1.0,0.0,0.0,0.0,0.0,14.0,0.0,0.0,0.0,0.0,0.26530612244897966,0.16666666666666666,1,1,0,0.0,3.3,1.1856590319436748,0.0,0.0,1.68,0.72,0.0,1.5790476190476186,0.28,0.0,0.16437582159872452,0.32,2.32,0.0,1.2224382284382285,0.5134265734265734,0.39305013482472795,35.88,0.5107692307692308,0.5066666666666667,0.49333333333333335,0.5,0.0,0.07,0.09,0.0,0.16,0.3333333333333332,0.24,0.5333333333333334,0,0,0,0.35135135135135137,0.08108108108108109,0.16216216216216217,0.16216216216216217,0.21621621621621623,0.05405405405405406,2,3.5,0,0.002379160839160839,6,6,0,3,0,1.3333333333333333,0.782608695652174,0.64,1,28,3.439620793859927
37,https://lichess.org/261nNnCc,Grandelicious,0,0.041666666666666664,0.06474476291958177,2.3020833333333335,1,0,1,2.4479166666666665,0.041666666666666664,0,0.0,-1.2,1.1428571428571428,0.020833333333333332,0.0,0.0,0.0,0.125,3.1875,0.0,0.0,0.11764705882352941,5.176470588235294,0.0,0.0,0.0,0.0,1.0,0.0,0.0,0.0,0.0,62.0,0.26530612244897966,0.1,1,1,0,0.33333333333333337,3.2,2.0870410347150985,0.0,0.4166666666666667,0.8541666666666666,0.08333333333333333,-0.5,2.365922619047617,0.5625,0.0,0.19201160276748683,0.041666666666666664,1.625,0.0,1.617552557396307,0.24183021839271837,0.3581304915801291,40.833333333333336,0.49758158508158495,0.5077380952380953,0.5833333333333335,0.5,0.0,0.19270833333333334,0.296875,0.125,0.0,0.47222222222222165,0.25,0.6875000000000004,0,0,0,0.3714285714285715,0.17142857142857143,0.11428571428571428,0.14285714285714285,0.14285714285714285,0.08571428571428572,1,2.0,0,0.0014946078227328229,5,5,0,4,0,1.0,0.35294117647058826,1.1458333333333333,2,60,3.183163087366517
38,https://lichess.org/Wc3YcXCt,Grandelicious,0,0.0851063829787234,0.1630330655913125,2.9574468085106385,1,0,1,2.9893617021276597,0.1702127659574468,0,0.0,-1.036144578313253,0.56,0.23404255319148937,0.0,0.0,0.0,0.0,3.2127659574468086,0.11764705882352941,0.0,0.0,2.71875,1.0,0.0,0.0,0.0,0.0,7.0,0.0,0.0,0.0,0.0,0.4285714285714286,0.16666666666666666,1,1,0,0.0,2.8,1.3751981370932207,0.0,0.02127659574468085,2.765957446808511,0.14893617021276595,-1.0,1.9140830800405253,0.46808510638297873,0.0,0.1778208512786667,0.0,2.0,0.0,1.6012024618407592,0.5229641516875558,0.38199896037437514,37.723404255319146,0.521210468018979,0.5564336372847015,0.4184397163120566,0.5106382978723404,0.0,0.19148936170212766,0.20212765957446807,0.09574468085106383,0.0,0.5815602836879432,0.2872340425531915,0.8085106382978723,0,0,0,0.1976744186046511,0.08139534883720931,0.4418604651162793,0.05813953488372093,0.05813953488372093,0.17441860465116274,7,3.3333333333333335,1,0.001209425243894623,5,4,1,2,1,1.0,0.40625,0.6382978723404256,0,0,3.289398953188015
39,https://lichess.org/QAtUUgdX,Grandelicious,0,0.0,0.008952991452991452,0.9666666666666667,1,0,1,3.2333333333333334,0.5666666666666667,1,-0.5945945945945946,-0.17721518987341772,1.12,0.23333333333333334,0.0,0.0,0.0,0.0,5.133333333333334,0.0,0.0,0.0,3.5964912280701755,1.0,0.0,0.0,0.0,0.0,15.0,0.0,0.0,0.0,0.0,0.2857142857142858,0.0625,1,1,0,0.33333333333333337,1.0,2.287609534011216,0.23333333333333334,0.8,1.3666666666666667,0.4666666666666667,0.0,2.251111111111111,1.3333333333333333,0.0,0.20153302274994503,0.16666666666666666,1.9,0.0,1.7371312021312022,0.28990509490509486,0.3575082289331327,36.766666666666666,0.48979538979538984,0.49111111111111116,0.5,0.5166666666666667,0.0,0.0,0.5833333333333334,0.15,0.38333333333333336,0.06666666666666667,0.23333333333333334,0.2777777777777777,0,0,0,0.3170731707317073,0.0975609756097561,0.26829268292682923,0.19512195121951217,0.07317073170731708,0.07317073170731708,8,3.0,0,0.0028406423823090494,6,6,0,2,0,1.0,0.8214285714285714,0.5333333333333333,1,31,3.247865110847566
40,https://lichess.org/OuwVwK6L,Grandelicious,1,0.0,0.5247573589829854,2.5217391304347827,0,1,1,1.641304347826087,0.717391304347826,0,2.25,1.4901960784313726,1.0666666666666667,1.3695652173913044,0.13043478260869565,0.0,0.06521739130434782,0.21739130434782608,6.391304347826087,0.0,0.0,0.014925373134328358,1.9402985074626866,1.0,0.0,0.0,0.0,0.0,8.0,0.0,0.0,0.0,0.0,0.1428571428571428,0.05555555555555555,1,1,0,0.6666666666666667,2.8,0.6907070188946774,0.0,0.021739130434782608,3.1956521739130435,0.08695652173913043,-0.19999999999999996,1.4340579710144923,0.0,0.0,0.1680740034547861,0.06521739130434782,2.0652173913043477,0.0,1.396945807815373,0.1925129218607479,0.38696656056103385,36.95652173913044,0.47643660687138956,0.49937888198757757,0.5036231884057971,0.5108695652173914,0.4891304347826087,0.005434782608695652,0.11413043478260869,0.043478260869565216,0.043478260869565216,0.35507246376811613,0.16304347826086957,0.4565217391304344,0,0,0,0.2153846153846154,0.2923076923076923,0.09230769230769231,0.2153846153846154,0.046153846153846156,0.15384615384615385,9,5.0,0,0.0016737405256848953,6,6,0,4,0,1.0,0.2727272727272727,0.4782608695652174,0,0,3.4272023554113105
41,https://lichess.org/UjBZpI5a,Grandelicious,0,0.16326530612244897,0.14965750642390221,1.989795918367347,0,0,1,1.4591836734693877,0.9795918367346939,1,-1.0394736842105263,-0.047058823529411764,0.43478260869565216,0.3877551020408163,0.3877551020408163,0.2535211267605634,0.02040816326530612,0.16326530612244897,5.63265306122449,0.0,0.0,0.0,3.8028169014084505,1.0,0.0,0.0,0.0,0.0,4.0,0.0,0.0,0.0,0.0,0.2857142857142858,0.08333333333333333,1,1,0,0.0,2.2,2.3784217650876385,0.0,0.20408163265306123,2.7551020408163267,0.08163265306122448,-0.19999999999999996,2.4658892128279883,1.3061224489795917,0.0,0.19792162580961548,0.04081632653061224,1.2653061224489797,0.0,2.0016293230578945,0.6309826228193574,0.3860873051665798,39.224489795918366,0.5017125731411446,0.47337220602526703,0.5374149659863947,0.5,0.0,0.25,0.3673469387755102,0.20408163265306123,0.0,0.013605442176870748,0.2857142857142857,0.5102040816326523,0,0,0,0.3,0.15,0.15,0.09999999999999999,0.21666666666666665,0.09999999999999999,7,0.0,0,0.001540938583837376,6,5,1,3,1,1.0,0.2571428571428571,0.6122448979591837,0,0,3.2964446073835743
42,https://lichess.org/RLtihLgU,Grandelicious,0,0.0,0.12074183006535949,2.52,0,0,1,1.88,0.8,-1,0.0,0.0,0.42105263157894735,0.64,0.24,0.0,0.0,0.24,4.0,0.0,0.0,0.0,2.2093023255813953,1.0,0.0,0.0,0.0,0.0,14.0,0.0,0.0,0.0,0.0,0.4285714285714286,0.125,1,1,0,0.0,3.3,0.763839711155197,0.0,0.0,2.0,0.12,0.0,1.356190476190476,0.04,0.0,0.15812682310380644,0.0,2.0,0.0,1.0062404262404263,0.20214452214452217,0.41046230162505154,34.76,0.5015384615384615,0.5226666666666666,0.5,0.5,0.0,0.02,0.02,0.0,0.0,0.37333333333333324,0.16,0.5200000000000002,0,0,0,0.29545454545454547,0.13636363636363638,0.06818181818181818,0.13636363636363638,0.29545454545454547,0.09090909090909091,4,2.1666666666666665,0,0.0018725763125763122,6,6,0,5,0,1.0,0.8095238095238095,0.56,0,0,3.46462705683636
43,https://lichess.org/KO593bwl,Grandelicious,0,0.0,0.01571965340081282,2.6666666666666665,0,0,1,1.9074074074074074,0.18518518518518517,1,1.0675675675675675,-1.3925925925925926,0.6666666666666666,0.0,0.0,0.0,0.0,0.0,5.7407407407407405,0.0,0.0,0.0,2.6792452830188678,1.0,0.0,0.0,0.0,0.0,15.0,0.0,0.0,0.0,0.0,0.2142857142857142,0.08333333333333333,1,1,0,0.33333333333333337,2.4,3.552967600853976,0.037037037037037035,0.48148148148148145,1.7407407407407407,0.3333333333333333,0.33333333333333326,2.493165784832451,1.7037037037037037,0.0,0.1832917364844746,0.0,2.0,0.0,1.8464930131596797,-0.1658181324847991,0.43733321257427904,37.666666666666664,0.5112060778727445,0.5222222222222221,0.5,0.48148148148148145,0.3888888888888889,0.25,0.5092592592592593,0.09259259259259259,0.0,0.24691358024691348,0.5,0.6296296296296297,0,0,0,0.28169014084507044,0.056338028169014086,0.23943661971830993,0.11267605633802816,0.11267605633802816,0.21126760563380287,3,1.0,0,0.003400839367917557,5,4,1,2,0,1.0,0.38461538461538464,1.2962962962962963,1,36,3.0766944219302714
44,https://lichess.org/F1McNTrt,Grandelicious,0,0.0,0.028245669434417163,3.923076923076923,0,1,1,1.9615384615384615,1.0769230769230769,0,0.0,-0.14285714285714285,0.37037037037037035,0.3076923076923077,0.0,0.014285714285714285,0.0,0.0,4.846153846153846,0.9824561403508771,0.0,0.14285714285714285,4.542857142857143,1.0,0.0,0.0,0.0,0.0,0.0,0.0,0.0,0.0,0.0,-0.17142857142857149,0.03333333333333333,1,1,0,0.6666666666666667,1.6,0.4351426345763369,0.46153846153846156,0.9230769230769231,1.0,0.0,-0.5,2.7858974358974367,1.3076923076923077,0.0,0.23669067583681794,0.0,2.0,0.0,2.305258843720382,0.525250390635006,0.29194157037795815,41.84615384615385,0.727106227106227,0.4945054945054945,0.3589743589743589,0.5769230769230769,0.0,0.25,0.5961538461538461,0.0,0.11538461538461539,0.3333333333333333,0.0,0.6666666666666666,0,0,0,0.4722222222222224,0.19444444444444448,0.08333333333333333,0.08333333333333333,0.16666666666666669,0.027777777777777776,3,2.0,0,0.008058632688810203,2,2,0,1,0,1.0,0.4,0.0,0,0,2.9993705073586034
45,https://lichess.org/CWShoK5U,Grandelicious,1,0.0,0.42664337704778876,2.45,0,0,1,1.3,0.0,1,-2.0,0.23529411764705882,0.6666666666666666,0.1,0.0,0.0,0.0,0.0,1.6,0.0,0.0,0.0,2.210526315789474,1.0,0.0,0.0,0.0,0.0,4.0,0.0,0.0,0.0,0.0,0.4761904761904763,0.16666666666666666,1,1,0,0.0,2.8,1.452471291770768,0.05,0.0,2.8,0.0,-0.1428571428571429,1.5437500000000006,0.0,0.0,0.19010637910516695,0.0,2.0,0.0,1.245054945054945,0.17820512820512818,0.39876497577717096,31.85,0.4683333333333334,0.86,0.3333333333333332,0.5,0.0,0.2,0.0125,0.075,0.4,0.09999999999999999,0.55,0.4,0,0,0,0.35,0.35,0.15000000000000002,0.1,0.05,0.05,2,0.0,0,0.003290216727716728,2,1,1,1,0,0.0,0.2631578947368421,0.1,0,0,3.615167780562517
46,https://lichess.org/Zf32DKNX,Grandelicious,0,0.0,0.21095262580556698,1.5,1,0,1,2.9,0.5,1,0.0,-0.3673469387755102,0.0,0.16666666666666666,0.6,0.0,0.0,0.03333333333333333,3.433333333333333,0.14285714285714285,0.0,0.0196078431372549,1.0784313725490196,1.0,0.0,0.0,0.0,0.0,8.0,0.0,0.0,0.0,0.0,0.4761904761904763,0.125,1,0,0,0.0,3.3,0.7363530821119384,0.0,0.4,1.3333333333333333,0.26666666666666666,-1.0,1.3888888888888888,0.0,0.0,0.2175252582215041,0.0,1.9,0.0,0.9910424760424761,0.22375420875420868,0.37722850152674714,31.133333333333333,0.49730639730639736,0.5088888888888888,0.5,0.5166666666666667,0.15,0.03333333333333333,0.05,0.041666666666666664,0.0,0.15555555555555553,0.06666666666666667,0.3333333333333333,2,0,1,0.31034482758620696,0.2758620689655173,0.1724137931034483,0.13793103448275862,0.06896551724137931,0.06896551724137931,4,1.0,0,0.0034831218164551514,8,8,0,7,0,1.0,0.6,0.6333333333333333,0,0,3.3700569673608904
47,https://lichess.org/K6JQPZ1W,Grandelicious,0,0.0,0.03556397306397306,2.857142857142857,0,1,1,1.8333333333333333,0.7619047619047619,-1,-1.3333333333333333,0.08080808080808081,0.5714285714285714,0.0,0.9523809523809523,0.0,0.0,0.09523809523809523,4.476190476190476,0.0,0.0,0.08695652173913043,3.652173913043478,0.0,0.0,0.0,0.0,1.0,0.0,0.0,0.0,0.0,63.0,0.2142857142857142,0.16666666666666666,1,1,0,0.0,3.3,1.2724998259735953,0.0,0.0,2.380952380952381,0.0,0.1428571428571428,1.6802721088435373,0.0,0.0,0.18883732965378414,1.0,3.0,0.0,1.4057291914434766,0.1786110714682143,0.3696524246356273,36.095238095238095,0.5073260073260073,0.4888888888888888,0.5,0.5,0.0,0.25,0.09523809523809523,0.09523809523809523,0.0,0.4444444444444445,0.19047619047619047,0.5079365079365081,0,0,0,0.2115384615384615,0.07692307692307693,0.09615384615384616,0.13461538461538464,0.24999999999999994,0.24999999999999994,3,1.3333333333333333,0,0.006198185790022524,5,5,0,3,0,1.0,0.34782608695652173,0.0,0,0,3.547902894207241
48,https://lichess.org/gGOOWHPk,Grandelicious,0,0.0,0.09567901234567902,2.7222222222222223,0,1,1,1.5555555555555556,1.1111111111111112,0,0.0,0.0,0.10526315789473684,0.0,0.5555555555555556,0.0,0.0,0.0,2.4444444444444446,0.0,0.0,0.0,1.6785714285714286,1.0,0.0,0.0,0.0,0.0,14.0,0.0,0.0,0.0,0.0,0.4285714285714286,0.16666666666666666,1,1,0,0.0,3.3,1.3471796351376786,0.0,0.2222222222222222,1.7777777777777777,0.7777777777777778,-0.33333333333333337,1.492063492063492,0.0,0.0,0.1616927276349959,0.0,2.0,0.0,1.114285714285714,0.1925925925925926,0.4564695619520181,34.22222222222222,0.5143745143745142,0.5,0.5,0.5,0.2222222222222222,0.08333333333333333,0.08333333333333333,0.0,0.0,0.4444444444444444,0.0,0.6666666666666666,0,0,0,0.5333333333333333,0.2,0.13333333333333333,0.13333333333333333,0.0,0.06666666666666667,0,0.0,0,0.01666666666666667,2,2,0,2,0,0.0,0.7142857142857143,0.0,0,0,3.363310730275018
49,https://lichess.org/ZbOOOu11,Grandelicious,0,0.0,0.06119929453262786,2.9074074074074074,0,0,1,1.5555555555555556,0.4074074074074074,1,-2.0,0.48148148148148145,0.5925925925925926,0.48148148148148145,0.0,0.1590909090909091,0.1111111111111111,0.0,4.703703703703703,0.11764705882352941,0.0,0.0,2.8863636363636362,1.0,0.0,0.0,0.0,0.0,8.0,0.0,0.0,0.0,0.0,0.4285714285714286,0.125,1,1,0,0.0,2.8,1.708400370491634,0.0,0.037037037037037035,1.4074074074074074,0.07407407407407407,0.0,1.5590828924162254,0.0,0.0,0.1678701775470337,0.0,2.0,0.0,1.3484984151650816,0.20934004267337586,0.38735233402978186,36.03703703703704,0.4985754985754986,0.49276895943562615,0.4938271604938272,0.5,0.0,0.0,0.21296296296296297,0.027777777777777776,0.07407407407407407,0.37037037037037024,0.2037037037037037,0.5925925925925922,0,0,0,0.31034482758620696,0.1724137931034483,0.10344827586206896,0.1724137931034483,0.1724137931034483,0.10344827586206896,6,3.0,0,0.0023504456220505596,5,5,0,2,0,1.0,0.45454545454545453,1.4814814814814814,1,31,3.3327363019976657
50,https://lichess.org/8RGyZ2Ik,Grandelicious,1,0.0,0.0676872073356272,2.7444444444444445,0,0,0,2.011111111111111,0.0,-1,-2.409090909090909,0.0,0.782608695652174,1.488888888888889,0.0,0.12121212121212122,0.4888888888888889,0.0,6.977777777777778,0.6190476190476191,0.0,0.0,3.757575757575758,1.0,0.0,0.0,0.0,0.0,4.0,0.0,0.0,0.0,0.0,0.04761904761904767,0.0625,1,1,0,0.33333333333333337,3.0,2.2286152534491457,0.0,0.0,0.0,0.0,0.1428571428571428,1.5365079365079357,0.0,0.0,0.1868038103554196,0.0,2.0,0.0,1.6243859843859838,0.13310282310282315,0.428296788483915,42.733333333333334,0.5139601139601143,0.4993650793650793,0.5037037037037038,0.4888888888888889,0.03333333333333333,0.18333333333333332,0.25555555555555554,0.03333333333333333,0.0,0.37037037037037057,0.28888888888888886,0.7185185185185184,0,0,0,0.11904761904761904,0.30952380952380953,0.16666666666666666,0.23809523809523808,0.16666666666666666,0.023809523809523808,17,2.0,0,0.001392592318518245,5,5,0,3,0,1.0,0.18181818181818182,0.2,0,0,3.3155104925938255
51,https://lichess.org/07MGOhf7,Grandelicious,0,0.0,0.28080246069782205,1.5172413793103448,0,0,0,2.1379310344827585,0.0,1,-2.738095238095238,1.8144329896907216,1.3333333333333333,0.3448275862068966,0.20689655172413793,0.0,0.0,0.0,4.689655172413793,0.0,0.0,0.0,3.1666666666666665,0.0,0.0,1.0,0.0,0.0,0.0,0.0,48.0,0.0,0.0,0.22448979591836737,0.125,1,1,0,0.33333333333333337,2.2,3.582849874708239,0.0,0.0,1.6206896551724137,0.2413793103448276,1.0,2.3214285714285725,0.8275862068965517,0.0,0.17679498740134297,0.896551724137931,2.8620689655172415,0.0,1.6491514232893543,0.07965023482264864,0.4275811645532274,37.55172413793103,0.49885057471264366,0.5091954022988505,0.4942528735632184,0.5,0.5,0.22413793103448276,0.5086206896551724,0.12931034482758622,0.0,0.32183908045977005,0.43103448275862066,0.19540229885057472,0,0,0,0.18,0.34,0.14,0.06,0.18,0.12000000000000001,9,1.0,0,0.001872362015049292,5,5,0,2,0,1.0,0.7777777777777778,0.4482758620689655,0,0,3.5088117095524516
52,https://lichess.org/Lp9qElSM,Grandelicious,0,0.0,0.28246965452847805,3.2941176470588234,0,0,0,3.0588235294117645,0.0,0,0.0,-0.42857142857142855,-0.17391304347826086,0.0,1.3529411764705883,0.0,0.0,0.35294117647058826,6.0,1.96,0.0,0.0,5.238095238095238,0.0,1.0,0.0,0.0,0.0,0.0,23.0,0.0,0.0,0.0,-0.1428571428571429,0.05,-1,1,0,0.33333333333333337,3.0,1.434695638296967,0.47058823529411764,0.0,0.0,0.0,0.1428571428571428,1.6302521008403363,0.5294117647058824,0.0,0.18094268718454853,0.0,1.9411764705882353,0.0,1.4680672268907566,0.08907563025210088,0.45557828129173406,40.294117647058826,0.5,0.4957983193277311,0.5,0.5,0.0,0.0,0.16176470588235295,0.3088235294117647,0.0,0.43137254901960764,0.0,0.5686274509803924,0,0,0,0.2272727272727273,0.27272727272727276,0.18181818181818182,0.09090909090909091,0.18181818181818182,0.09090909090909091,12,4.0,0,0.0019909924754215407,2,2,0,0,0,1.0,0.047619047619047616,1.0,1,38,3.3143789367598906
53,https://lichess.org/ZVmsqpM9,Grandelicious,0,0.0,0.09720079303412638,2.3055555555555554,0,0,1,1.9722222222222223,1.0,0,0.0,0.0,1.3333333333333333,0.0,0.2222222222222222,0.0,0.0,0.0,1.9444444444444444,0.0,0.0,0.0,2.9210526315789473,0.0,1.0,0.0,0.0,0.0,0.0,23.0,0.0,0.0,0.0,0.0,0.0625,1,1,0,0.33333333333333337,2.8,2.10020790294313,0.05555555555555555,0.0,3.111111111111111,0.1111111111111111,0.33333333333333326,1.853174603174603,0.6111111111111112,0.0,0.16986335873923353,0.4444444444444444,2.4444444444444446,0.0,1.2234432234432233,0.08679283679283685,0.42099239116248094,35.44444444444444,0.5021367521367521,0.49603174603174605,0.5,0.5,0.2222222222222222,0.013888888888888888,0.375,0.0,0.0,0.44444444444444425,0.0,0.37037037037037035,0,0,0,0.39999999999999997,0.3,0.1,0.2,0.0,0.05,0,1.0,0,0.003164202053090942,3,3,0,1,0,1.0,0.21052631578947367,0.0,0,0,3.4555907664460306
54,https://lichess.org/w1wmiAUy,Grandelicious,1,0.0,0.07314771715806323,2.7738095238095237,0,0,0,1.119047619047619,0.0,0,-0.6764705882352942,2.0,1.6551724137931034,0.9047619047619048,0.023809523809523808,0.0,0.0,0.5238095238095238,5.769230769230769,0.0,0.0,0.0,3.735294117647059,0.0,0.0,1.0,0.0,0.0,0.0,0.0,48.0,0.0,0.0,0.2857142857142858,0.125,1,1,0,0.33333333333333337,3.0,2.276173940847986,0.047619047619047616,0.0,1.0,0.6904761904761905,0.0,2.256235827664397,1.0238095238095237,0.0,0.17468104877219243,0.0,2.0,0.0,1.8177758749187316,0.3699613878185306,0.4053021212930964,40.714285714285715,0.5082029082029084,0.4595238095238096,0.5396825396825398,0.5,0.5,0.1488095238095238,0.3273809523809524,0.023809523809523808,0.0,0.31746031746031733,0.35714285714285715,0.9206349206349204,0,0,0,0.28571428571428575,0.2,0.11428571428571428,0.2,0.17142857142857143,0.05714285714285714,1,0.0,0,0.003023772177683742,3,3,0,2,0,1.0,0.6764705882352942,0.2619047619047619,1,25,3.4328532306473463
55,https://lichess.org/TDbEN5Pu,Grandelicious,0,0.0,0.2205294856438647,1.0925925925925926,1,1,0,1.7407407407407407,0.5925925925925926,-1,-0.25,0.0,0.7407407407407407,0.14814814814814814,0.9259259259259259,0.0,0.0,0.7037037037037037,2.888888888888889,1.105263157894737,0.0,0.0,4.3478260869565215,0.0,1.0,0.0,0.0,0.0,0.0,23.0,0.0,0.0,0.0,-0.3142857142857143,0.07142857142857142,-1,-1,0,0.0,2.8,2.0519723052002243,0.0,0.0,2.740740740740741,0.07407407407407407,0.6666666666666667,1.8218694885361546,0.9259259259259259,0.0,0.18502766857528835,0.0,2.0,0.0,1.3170798337465006,-0.1202273035606369,0.42030458525252434,36.22222222222222,0.5014245014245015,0.4948853615520282,0.4938271604938272,0.5,0.0,0.0,0.23148148148148148,0.25,0.037037037037037035,0.4691358024691361,0.25925925925925924,0.1234567901234568,0,0,0,0.26530612244897955,0.12244897959183672,0.12244897959183672,0.08163265306122448,0.16326530612244897,0.26530612244897955,9,1.0,0,0.0035329251858744306,6,6,0,2,0,1.0,0.30434782608695654,0.25925925925925924,1,38,3.296319775232819
56,https://lichess.org/WJplQybq,Grandelicious,1,0.0,0.16442169021751674,2.393617021276596,0,0,0,0.0,0.0,-1,3.5,1.625,0.8235294117647058,0.0,0.02127659574468085,0.0,0.0,0.02127659574468085,5.638297872340425,0.8235294117647058,0.0,0.0,5.703125,0.0,1.0,0.0,0.0,0.0,0.0,12.0,0.0,0.0,0.0,-0.0714285714285714,0.07142857142857142,1,0,0,0.33333333333333337,1.8,3.1775829835790494,0.0,0.3191489361702128,1.9574468085106382,0.10638297872340426,-0.6666666666666667,2.3452380952380936,1.3191489361702127,0.0,0.19577090939188674,0.5957446808510638,2.595744680851064,0.0,1.7807005051685905,0.295735115947882,0.38732715065610596,37.0,0.49847244953627934,0.48226950354609915,0.5106382978723405,0.5,0.0425531914893617,0.14893617021276595,0.6542553191489362,0.010638297872340425,0.3191489361702128,0.24822695035461004,0.07446808510638298,0.546099290780142,0,0,0,0.28888888888888886,0.22222222222222224,0.044444444444444446,0.22222222222222224,0.17777777777777778,0.06666666666666667,0,1.3333333333333333,0,0.0010114564777308104,4,4,0,1,0,1.0,0.09375,0.425531914893617,1,32,3.30553336420524
57,https://lichess.org/vWLWYt4a,Grandelicious,0,0.0,0.060951139608974345,2.6594202898550723,0,0,1,1.8623188405797102,0.5217391304347826,-1,-2.0,-0.9552238805970149,0.0,1.1594202898550725,0.3188405797101449,0.12643678160919541,0.08695652173913043,0.4057971014492754,5.884057971014493,0.0,0.0,0.034482758620689655,4.839080459770115,1.0,0.0,0.0,0.0,0.0,4.0,0.0,0.0,0.0,0.0,0.4285714285714286,0.16666666666666666,1,1,0,0.0,1.8,0.48406807566166105,0.0,0.014492753623188406,1.9710144927536233,0.043478260869565216,-0.5,1.8130434782608702,0.2318840579710145,0.0,0.16396521245186105,0.11594202898550725,2.1159420289855073,0.0,1.8179754223232492,0.17669890495977444,0.3520285575326345,41.072463768115945,0.5126210343601649,0.4440303657694958,0.5652173913043477,0.5,0.47101449275362317,0.014492753623188406,0.29347826086956524,0.036231884057971016,0.1956521739130435,0.3623188405797098,0.08695652173913043,0.33333333333333315,0,0,2,0.18279569892473116,0.16129032258064516,0.07526881720430109,0.2795698924731182,0.2903225806451612,0.021505376344086023,14,1.8333333333333333,0,0.0012062476408202087,5,5,0,4,0,1.0,0.4883720930232558,0.5072463768115942,0,0,3.1623479418977505
58,https://lichess.org/s6bn1FM8,Grandelicious,0,0.0,0.00250400641025641,2.59375,0,0,0,1.890625,0.0,-1,-3.9166666666666665,0.509090909090909,1.2380952380952381,0.28125,0.09375,0.0,0.0,0.28125,5.125,0.782608695652174,0.0,0.0,4.763636363636364,1.0,0.0,0.0,0.0,0.0,35.0,0.0,0.0,0.0,0.0,-0.08571428571428563,0.03333333333333333,1,0,0,0.6666666666666667,3.0,2.0766356376298916,0.0,0.65625,0.65625,0.03125,-0.19999999999999996,1.7604166666666665,0.25,0.0,0.18718724820462382,0.0,1.3125,0.0,1.6230113636363632,0.3190923659673659,0.35351864904404995,37.65625,0.4985795454545454,0.4979166666666667,0.5052083333333334,0.5,0.078125,0.2734375,0.2734375,0.0,0.078125,0.6249999999999993,0.0,0.3020833333333333,2,0,1,0.36666666666666664,0.1,0.19999999999999998,0.16666666666666666,0.16666666666666666,0.03333333333333333,1,1.0,0,0.0019949191433566433,7,7,0,3,0,1.25,0.4444444444444444,0.34375,0,0,3.3618715246594015
59,https://lichess.org/C5QaNoCK,Grandelicious,0,0.0,0.020833333333333332,2.875,0,0,0,2.5,0.0,0,0.0,0.0,0.4482758620689655,0.0,0.0,0.0,0.0,0.0,2.5,0.6666666666666666,0.0,0.0,3.107142857142857,1.0,0.0,0.0,0.0,0.0,6.0,0.0,0.0,0.0,0.0,0.0,0.05555555555555555,1,0,0,0.0,3.2,1.366331717488403,0.0,0.0,0.0,0.5,0.0,1.9166666666666665,0.0,0.0,0.1788934606850665,0.0,1.5,0.0,1.5357142857142856,-0.2857142857142856,0.4412162162162162,38.0,0.5454545454545454,0.5,0.5,0.5,0.5,0.5,0.125,0.0,0.0,0.6666666666666666,0.25,0.3333333333333333,0,0,0,0.6,0.13333333333333333,0.06666666666666667,0.13333333333333333,0.06666666666666667,0.06666666666666667,8,5.0,0,0.011862244897959182,2,2,0,1,0,1.0,1.0714285714285714,0.5,0,0,3.147500145357289
60,https://lichess.org/v0VbKhb5,Grandelicious,0,0.0,0.25418911154205276,2.769230769230769,0,0,1,1.1538461538461537,0.0,-1,-0.75,0.15789473684210525,0.7407407407407407,0.0,0.0,0.0,0.0,0.0,3.769230769230769,0.0,0.0,0.02702702702702703,3.0,1.0,0.0,0.0,0.0,0.0,4.0,0.0,0.0,0.0,0.0,0.3214285714285714,0.16666666666666666,1,0,0,0.0,1.0,1.3646561066471092,0.0,0.0,3.0,0.0,-0.1428571428571429,1.5714285714285716,0.0,0.0,0.19211438532630526,0.0,2.0,0.0,1.5207100591715974,0.1750493096646943,0.39836658240531986,33.76923076923077,0.5,0.4871794871794872,0.5,0.5384615384615384,0.0,0.25,0.07692307692307693,0.057692307692307696,0.0,0.15384615384615383,0.5,0.3333333333333333,0,0,0,0.2608695652173913,0.34782608695652173,0.08695652173913043,0.13043478260869565,0.13043478260869565,0.08695652173913043,3,1.0,2,0.029013680271076717,4,3,1,1,0,2.0,0.2777777777777778,0.9230769230769231,1,35,3.3072271372271373
61,https://lichess.org/wJDprIu4,Grandelicious,0,0.0,0.186996336996337,2.6904761904761907,0,1,1,1.7380952380952381,0.9523809523809523,0,0.0,-0.7317073170731707,-0.19047619047619047,0.6190476190476191,0.0,0.0,0.0,0.0,2.857142857142857,0.0,0.0,0.0,2.902439024390244,1.0,0.0,0.0,0.0,0.0,14.0,0.0,0.0,0.0,0.0,0.26530612244897966,0.16666666666666666,1,1,0,0.0,3.3,0.6418408047812979,0.0,0.0,1.9047619047619047,0.0,-0.33333333333333337,1.595238095238095,0.14285714285714285,0.0,0.16113084002495567,0.0,2.0,0.0,1.2151142508285364,0.38452817024245584,0.4489183755227684,36.285714285714285,0.5134199134199133,0.5034013605442177,0.507936507936508,0.5,0.047619047619047616,0.13095238095238096,0.047619047619047616,0.0,0.0,0.42857142857142855,0.0,0.6666666666666664,0,0,0,0.42857142857142855,0.19047619047619047,0.09523809523809523,0.14285714285714285,0.14285714285714285,0.047619047619047616,2,4.0,0,0.0023090351321643837,4,4,0,4,0,0.0,0.55,0.9047619047619048,0,0,3.2954932736640057
62,https://lichess.org/rwPDI5sp,Grandelicious,0,0.05555555555555555,0.15313251563251562,2.8333333333333335,0,0,0,2.4444444444444446,0.0,-1,-0.625,0.0,0.3225806451612903,0.0,0.6111111111111112,0.0,0.0,0.6111111111111112,3.1666666666666665,0.6296296296296297,0.0,0.0,4.533333333333333,1.0,0.0,0.0,0.0,0.0,4.0,0.0,0.0,0.0,0.0,0.30612244897959173,0.08333333333333333,1,1,0,0.0,2.8,0.8144016910760498,0.0,0.0,1.8888888888888888,0.0,-0.6666666666666667,1.3240740740740737,0.0,0.0,0.16942793201054232,0.0,2.0,0.0,1.2989186739186738,0.03486790986790984,0.3728627660136451,40.388888888888886,0.47649572649572647,0.5148148148148147,0.5092592592592592,0.5,0.0,0.0,0.125,0.08333333333333333,0.0,0.5370370370370372,0.0,0.3148148148148147,0,0,0,0.2553191489361702,0.14893617021276595,0.1276595744680851,0.29787234042553185,0.14893617021276595,0.0425531914893617,10,1.0,0,0.0027343584056547018,4,4,0,4,0,0.0,0.18181818181818182,1.0555555555555556,0,0,3.446856497412054
63,https://lichess.org/sKKFWakt,Grandelicious,0,0.0,0.0,0.1935483870967742,1,0,1,2.6451612903225805,0.5161290322580645,0,0.0,-1.1372549019607843,1.2,0.22580645161290322,0.3548387096774194,0.0,0.0,0.5806451612903226,3.6666666666666665,0.05263157894736842,0.0,0.16,4.2,0.0,0.0,0.0,0.0,1.0,0.0,0.0,0.0,0.0,62.0,0.1428571428571428,0.1,1,1,0,0.33333333333333337,3.3,1.3589340636912632,0.0,0.0,1.1290322580645162,0.22580645161290322,-0.33333333333333337,1.4729262672811057,0.25806451612903225,0.0,0.16163654220874216,0.0,2.0,0.0,1.438531361112006,0.35717723137077995,0.3829275851068886,38.25806451612903,0.5050379727799083,0.4967741935483871,0.478494623655914,0.5,0.0,0.1693548387096774,0.14516129032258066,0.21774193548387097,0.0,0.0,0.0,0.44086021505376377,0,0,0,0.2222222222222222,0.1111111111111111,0.25925925925925924,0.18518518518518517,0.2222222222222222,0.037037037037037035,12,1.0,0,0.006453394564736917,5,5,0,1,0,1.0,0.6,0.06451612903225806,0,0,3.464597527780862
64,https://lichess.org/ivPzrD81,Grandelicious,0,0.0,0.07493564993564994,1.0135135135135136,1,1,1,2.175675675675676,0.8648648648648649,-1,-3.7708333333333335,0.0,0.26666666666666666,0.08108108108108109,0.16216216216216217,0.0,0.0,0.16216216216216217,4.0,0.0,0.0,0.0,4.137931034482759,1.0,0.0,0.0,0.0,0.0,5.0,0.0,0.0,0.0,0.0,0.04761904761904767,0.0625,1,1,0,0.6666666666666667,3.0999999999999996,1.7460907445437832,0.02702702702702703,0.0,0.7837837837837838,0.10810810810810811,-0.33333333333333337,1.9855212355212357,0.0,0.0,0.17063801652103888,0.2972972972972973,2.2972972972972974,0.0,1.4463809838809838,0.16095953595953597,0.3999573713907244,37.054054054054056,0.49833679833679834,0.49086229086229094,0.4954954954954955,0.5,0.0,0.2702702702702703,0.32432432432432434,0.0,0.0,0.6216216216216213,0.14864864864864866,0.6396396396396399,0,0,0,0.3181818181818182,0.11363636363636365,0.20454545454545459,0.27272727272727276,0.06818181818181818,0.045454545454545456,2,1.25,0,0.0019667243062513324,6,6,0,1,0,1.2,0.3448275862068966,0.16216216216216217,0,0,3.5007130178250865
65,https://lichess.org/LDgz1UMy,Grandelicious,0,0.0,0.019278923690688395,2.5303030303030303,1,1,1,1.7272727272727273,1.0303030303030303,1,1.0,-0.2647058823529412,1.3333333333333333,0.8787878787878788,0.06060606060606061,0.04,0.30303030303030304,0.0,5.757575757575758,0.0,0.0,0.0,3.56,1.0,0.0,0.0,0.0,0.0,15.0,0.0,0.0,0.0,0.0,-0.20000000000000007,0.0625,1,1,0,0.6666666666666667,2.0,1.6457800796044835,0.2727272727272727,0.6363636363636364,2.393939393939394,0.48484848484848486,-0.19999999999999996,2.047510822510823,0.09090909090909091,0.0,0.1842874394912583,0.3333333333333333,1.7272727272727273,0.0,1.6439588610043157,0.2522928250200977,0.42295493933687456,38.06060606060606,0.5063078335805608,0.4998556998556998,0.5,0.48484848484848486,0.0,0.1590909090909091,0.36363636363636365,0.15151515151515152,0.0,0.5050505050505051,0.5,0.36363636363636376,2,0,1,0.3333333333333334,0.1111111111111111,0.16666666666666669,0.25000000000000006,0.05555555555555555,0.1111111111111111,8,1.0,0,0.004880173010338299,5,5,0,3,0,1.0,0.96,0.0,1,38,3.3487070651570643
66,https://lichess.org/WYbrzr5u,Grandelicious,0,0.0,0.11011904761904763,2.9,0,0,1,3.2,0.5,0,0.0,0.0,0.48,0.8,0.0,0.0,0.0,0.0,4.3,0.0,0.0,0.0,2.411764705882353,1.0,0.0,0.0,0.0,0.0,39.0,0.0,0.0,0.0,0.0,0.2142857142857142,0.16666666666666666,1,1,0,0.0,3.0999999999999996,0.7984749937647535,0.0,0.0,0.6,0.1,0.33333333333333326,1.3547619047619048,0.2,0.0,0.16204621826759466,0.0,1.8,0.0,1.120879120879121,0.4483516483516482,0.4038935574229692,39.4,0.4653846153846154,0.5,0.5,0.5,0.0,0.0,0.1,0.3,0.0,0.19999999999999998,0.0,0.4666666666666666,0,0,0,0.38888888888888895,0.38888888888888895,0.1111111111111111,0.1111111111111111,0.0,0.05555555555555555,5,1.0,0,0.007289377289377291,2,2,0,0,0,1.0,0.35294117647058826,0.8,0,0,3.5589235138499857
67,https://lichess.org/qJfNf2BT,Grandelicious,0,0.0,0.2225388294246584,2.763157894736842,0,1,1,2.5,0.6666666666666666,0,2.0,0.23880597014925373,0.13333333333333333,0.49122807017543857,0.543859649122807,0.02702702702702703,0.0,0.10526315789473684,4.192982456140351,0.0,0.0,0.0,4.405405405405405,1.0,0.0,0.0,0.0,0.0,12.0,0.0,0.0,0.0,0.0,0.4285714285714286,0.16666666666666666,1,1,0,0.0,2.2,1.6300806654852875,0.0,0.017543859649122806,2.4035087719298245,0.42105263157894735,-1.0,2.433792815371763,1.3157894736842106,0.0,0.19076648587120054,1.2280701754385965,3.0,0.0,1.891458906590485,0.304219610798558,0.3823798896169737,38.45614035087719,0.5159653212284794,0.5110275689223059,0.4795321637426899,0.5,0.0,0.41228070175438597,0.30701754385964913,0.12280701754385964,0.21052631578947367,0.36257309941520455,0.0,0.4678362573099418,0,0,0,0.3157894736842105,0.23684210526315788,0.15789473684210525,0.21052631578947367,0.07894736842105263,0.02631578947368421,7,0.0,0,0.001049975340141545,3,3,0,0,0,1.0,0.8378378378378378,0.7192982456140351,0,0,3.325231263981265
68,https://lichess.org/Hxgdir5Z,Grandelicious,0,0.0,0.20647224946424036,0.717391304347826,1,0,1,3.9565217391304346,0.5217391304347826,0,0.0,-0.7058823529411765,0.35294117647058826,0.7391304347826086,0.08695652173913043,0.0,0.0,0.0,4.521739130434782,0.1724137931034483,0.0,0.0,3.1346153846153846,1.0,0.0,0.0,0.0,0.0,4.0,0.0,0.0,0.0,0.0,0.2857142857142858,0.16666666666666666,1,0,0,0.0,2.8,1.2289723499206635,0.0,0.0,2.0,0.0,-0.1428571428571429,1.2857142857142854,0.0,0.0,0.17620670613357053,0.0,2.0,0.0,1.5469740404523011,0.4258321388756173,0.4245606257242262,40.0,0.5334448160535116,0.5012422360248447,0.5072463768115941,0.5,0.08695652173913043,0.0,0.1956521739130435,0.22826086956521738,0.0,0.0,0.5,0.37681159420289845,1,0,0,0.18518518518518517,0.25925925925925924,0.25925925925925924,0.14814814814814814,0.14814814814814814,0.037037037037037035,10,2.5,0,0.002600761452368258,3,3,0,2,0,3.0,0.5384615384615384,0.08695652173913043,0,0,3.29615010879434
69,https://lichess.org/jdA7DAyX,Grandelicious,0,0.0,0.05767337237925474,1.1176470588235294,1,0,1,2.7450980392156863,0.7647058823529411,-1,-0.6578947368421053,-0.07272727272727272,0.7368421052631579,0.3333333333333333,0.35294117647058826,0.17391304347826086,0.0,0.0784313725490196,4.764705882352941,0.0,0.0,0.11594202898550725,4.913043478260869,1.0,0.0,0.0,0.0,0.0,4.0,0.0,0.0,0.0,0.0,0.1428571428571428,0.07142857142857142,1,1,0,0.33333333333333337,2.8,1.5297305864866806,0.0392156862745098,0.35294117647058826,1.588235294117647,0.0392156862745098,-1.0,2.155088702147525,0.37254901960784315,0.0,0.21168171552800108,0.0784313725490196,2.0784313725490198,0.0,1.829590561943503,0.7465719465719468,0.369234741092987,40.666666666666664,0.4754487342722635,0.7450046685340803,0.5,0.5,0.0392156862745098,0.0784313725490196,0.37254901960784315,0.029411764705882353,0.1568627450980392,0.0980392156862745,0.058823529411764705,0.3333333333333335,0,0,0,0.29787234042553185,0.14893617021276595,0.14893617021276595,0.14893617021276595,0.2553191489361702,0.02127659574468085,7,1.0,0,0.003076219066222909,6,5,1,2,0,1.6666666666666667,0.5588235294117647,0.7058823529411765,0,0,3.4531231181593496
70,https://lichess.org/v3KTeO73,Grandelicious,1,0.0,0.0653132076413061,2.7432432432432434,0,0,0,0.5945945945945946,0.0,-1,2.5,0.0,1.5757575757575757,0.5675675675675675,0.0,0.0,0.0,0.0,4.0,0.0,0.0,0.057971014492753624,3.652173913043478,0.0,1.0,0.0,0.0,0.0,0.0,11.0,0.0,0.0,0.0,0.30612244897959173,0.0,0,0,0,0.0,2.6,2.1681118636153123,0.0,0.40540540540540543,2.6486486486486487,0.43243243243243246,0.0,2.718275418275418,1.027027027027027,0.0,0.20155829611026663,0.0,1.837837837837838,0.0,2.2039489039489037,0.4093432093432093,0.3499870866744354,37.83783783783784,0.5511700011700013,0.591891891891892,0.4054054054054057,0.5,0.5,0.0,0.4864864864864865,0.5,0.25675675675675674,0.28828828828828834,0.0,0.3423423423423424,0,0,0,0.3076923076923077,0.2051282051282051,0.10256410256410256,0.1282051282051282,0.15384615384615383,0.10256410256410256,1,4.666666666666667,0,0.00204393126207798,4,4,0,1,0,1.0,0.6764705882352942,0.7027027027027027,2,72,3.0209454541700924
71,https://lichess.org/gZGteevq,Grandelicious,0,0.0,0.050166666666666665,2.08,0,0,0,2.24,0.0,-1,-0.5,0.0,-0.17391304347826086,0.12,0.0,0.0,0.0,0.4,4.76,0.0,0.0,0.0,3.38,0.0,0.0,1.0,0.0,0.0,0.0,0.0,50.0,0.0,0.0,0.1071428571428572,0.16666666666666666,1,1,0,0.0,3.0,2.2663276151124254,0.0,0.2,0.56,0.6,0.5,2.1288095238095237,0.04,0.0,0.173435945934589,0.0,2.0,0.0,1.6472427572427577,0.44905078255078257,0.43213618276652904,39.92,0.49705361305361306,0.5011428571428571,0.5,0.5,0.5,0.27,0.37,0.15,0.0,0.30666666666666653,0.0,0.5866666666666664,0,0,0,0.34615384615384615,0.19230769230769232,0.23076923076923078,0.15384615384615385,0.07692307692307693,0.038461538461538464,8,5.0,1,0.002087997113997114,3,3,0,0,0,1.0,0.48,0.52,0,0,3.3081082195582177
72,https://lichess.org/THS8bSYc,Grandelicious,0,0.0,0.020161290322580645,1.7096774193548387,1,0,0,2.2903225806451615,0.0,0,0.0,-1.2,0.9333333333333333,0.0,0.0,0.0,0.06451612903225806,0.12903225806451613,4.258064516129032,0.0,0.0,0.043478260869565216,5.065217391304348,0.0,0.0,0.0,1.0,0.0,0.0,0.0,0.0,2.0,0.0,-0.1428571428571429,0.0625,1,1,0,0.6666666666666667,3.0,2.119247783153709,0.0,0.6451612903225806,0.5161290322580645,0.2903225806451613,-0.6666666666666667,1.6977726574500767,0.45161290322580644,0.0,0.16359164693737205,0.3225806451612903,2.0,0.0,1.5211538461538459,0.19743442041829146,0.4013363242954615,39.25806451612903,0.5035491390330099,0.49907834101382487,0.5,0.5,0.45161290322580644,0.08064516129032258,0.24193548387096775,0.18548387096774194,0.04838709677419355,0.34408602150537637,0.1774193548387097,0.23655913978494614,0,0,0,0.29166666666666663,0.16666666666666666,0.24999999999999997,0.16666666666666666,0.125,0.041666666666666664,11,0.0,1,0.0020938153937633645,4,3,1,1,0,1.0,1.3478260869565217,0.41935483870967744,0,0,3.3422998881151047
73,https://lichess.org/73DEIFqs,Grandelicious,0,0.0,0.0,2.8260869565217392,0,0,0,3.869565217391304,0.0,0,0.0,0.0,0.7096774193548387,0.043478260869565216,0.043478260869565216,0.0,0.08695652173913043,0.0,3.4782608695652173,0.21739130434782608,0.0,0.0,2.760869565217391,1.0,0.0,0.0,0.0,0.0,6.0,0.0,0.0,0.0,0.0,0.028571428571428692,0.07142857142857142,1,1,0,0.33333333333333337,2.2,3.0759472692610985,0.0,1.0,0.08695652173913043,0.13043478260869565,0.33333333333333326,1.9472049689440991,0.0,0.0,0.18639549851473883,0.043478260869565216,1.1304347826086956,0.0,1.5660535117056855,0.3090858416945373,0.37672195290986527,38.391304347826086,0.4983277591973244,0.5,0.47826086956521746,0.5434782608695652,0.0,0.16304347826086957,0.4782608695652174,0.17391304347826086,0.30434782608695654,0.043478260869565216,0.1956521739130435,0.3333333333333332,0,0,0,0.375,0.08333333333333333,0.20833333333333331,0.20833333333333331,0.125,0.041666666666666664,1,0.0,0,0.005255440841452184,3,3,0,1,0,1.0,0.782608695652174,0.08695652173913043,0,0,3.3963704411530524
74,https://lichess.org/oJJXCJkH,Grandelicious,0,0.16666666666666666,0.0751068016376428,0.9285714285714286,0,1,1,2.2023809523809526,0.7619047619047619,1,-2.967741935483871,-0.7083333333333334,0.43478260869565216,0.0,0.0,0.0,0.0,0.3333333333333333,1.1666666666666667,0.0,0.0,0.014084507042253521,3.211267605633803,1.0,0.0,0.0,0.0,0.0,9.0,0.0,0.0,0.0,0.0,0.10204081632653073,0.029411764705882353,-1,0,0,1.0,1.7000000000000002,1.685120674371688,0.5,0.09523809523809523,1.0952380952380953,0.38095238095238093,0.0,2.722675736961451,0.8095238095238095,0.0,0.22517145989998175,0.8333333333333334,3.261904761904762,0.0,2.2217577396148824,-1.3091892895464323,0.36225644881349783,31.023809523809526,0.4561462347176634,0.38877551020408163,0.75,0.488095238095238,0.36904761904761907,0.35714285714285715,0.0,0.0,0.03571428571428571,0.15873015873015867,0.5,0.023809523809523808,0,0,0,0.37500000000000006,0.175,0.15,0.07500000000000001,0.1,0.15,5,2.5,0,0.0023476014830890123,4,4,0,2,0,1.5,0.4,1.1904761904761905,3,76,2.8409462824603673
75,https://lichess.org/DaqCQMeC,Grandelicious,0,0.22727272727272727,0.12995089705616023,3.409090909090909,1,0,0,3.977272727272727,0.0,0,1.0,-1.1794871794871795,0.6060606060606061,0.4090909090909091,0.18181818181818182,0.01818181818181818,0.0,0.0,3.9545454545454546,1.5151515151515151,0.0,0.0,3.018181818181818,0.0,0.0,0.0,1.0,0.0,0.0,0.0,0.0,6.0,0.0,-0.19047619047619047,0.045454545454545456,-1,0,0,0.33333333333333337,2.2,0.27855721683106416,0.0,1.0,1.9090909090909092,0.0,0.0,1.8181818181818181,0.0,0.0,0.18821176270821552,0.0,2.0,0.0,1.8677421063784705,-0.04797096842551383,0.35294273576453516,37.31818181818182,0.5342975206611568,0.5931818181818179,0.36363636363636354,0.4772727272727273,0.0,0.056818181818181816,0.25,0.4318181818181818,0.0,0.2121212121212121,0.5,0.409090909090909,0,0,0,0.2857142857142857,0.16666666666666666,0.21428571428571427,0.23809523809523808,0.07142857142857142,0.047619047619047616,5,2.8333333333333335,0,0.00336293642078766,5,5,0,4,0,1.0,0.8888888888888888,0.8636363636363636,1,35,3.3037596948506036
76,https://lichess.org/URHdajE9,Grandelicious,0,0.08695652173913043,0.3678765486609677,2.967391304347826,0,0,1,1.608695652173913,0.6521739130434783,-1,-4.055555555555555,0.0,0.17391304347826086,0.08695652173913043,0.8043478260869565,0.014925373134328358,0.0,0.8478260869565217,4.521739130434782,0.6190476190476191,0.0,0.014925373134328358,5.08955223880597,0.0,0.0,0.0,1.0,0.0,0.0,0.0,0.0,2.0,0.0,0.346938775510204,0.125,1,1,0,0.0,2.6999999999999997,1.9997064360429397,0.15217391304347827,0.0,1.673913043478261,0.1956521739130435,-1.0,1.8043478260869563,0.0,0.0,0.17374677881811665,0.8478260869565217,2.5434782608695654,0.0,1.6443321171582037,0.41431032735380563,0.4178976922192432,37.95652173913044,0.5025083612040134,0.4978260869565217,0.5036231884057971,0.5108695652173914,0.0,0.125,0.33152173913043476,0.08152173913043478,0.2391304347826087,0.3260869565217393,0.31521739130434784,0.7318840579710146,0,0,0,0.22807017543859648,0.3508771929824561,0.08771929824561403,0.10526315789473684,0.10526315789473684,0.14035087719298245,3,1.0,0,0.0009309235975114994,5,5,0,3,0,1.0,0.36363636363636365,0.5,2,63,3.3593835780029817
77,https://lichess.org/kPBV2QF2,Grandelicious,0,0.024390243902439025,0.032569598423256955,0.17073170731707318,1,0,1,2.1463414634146343,0.5365853658536586,1,2.3333333333333335,-1.0847457627118644,-0.33962264150943394,0.975609756097561,0.024390243902439025,0.10126582278481013,0.0,0.5365853658536586,6.2682926829268295,0.0,0.0,0.1518987341772152,4.3164556962025316,1.0,0.0,0.0,0.0,0.0,7.0,0.0,0.0,0.0,0.0,0.3650793650793651,0.16666666666666666,1,1,0,0.0,2.4,1.521907226063309,0.0,1.0,0.7317073170731707,0.24390243902439024,-0.33333333333333337,2.4113821138211384,0.0,0.0,0.18662878349704853,0.0,0.9024390243902439,0.0,2.105001705611461,0.6020671063353987,0.3462735670661798,41.68292682926829,0.525428501038257,0.40325203252032543,0.6585365853658539,0.5,0.0,0.24390243902439024,0.25,0.08536585365853659,0.08536585365853659,0.08130081300813008,0.0,0.9430894308943085,0,0,0,0.19999999999999998,0.11666666666666665,0.24999999999999997,0.13333333333333333,0.24999999999999997,0.06666666666666667,5,1.0,0,0.0022286213467058204,6,5,1,2,0,1.0,0.5384615384615384,2.1707317073170733,1,35,2.6861798035532214
78,https://lichess.org/rzbbM8eQ,Grandelicious,0,0.0,0.02455320751373383,2.966666666666667,0,0,1,2.0833333333333335,0.8,-1,-2.1666666666666665,0.0,0.19047619047619047,0.23333333333333334,0.8666666666666667,0.0,0.0,0.7666666666666667,4.2,0.0,0.0,0.0,3.32,1.0,0.0,0.0,0.0,0.0,0.0,0.0,0.0,0.0,0.0,-0.02857142857142858,0.07142857142857142,1,1,0,0.33333333333333337,3.0,1.7642357850982313,0.03333333333333333,0.43333333333333335,2.9,0.1,-0.6,1.8019047619047623,0.2,0.0,0.17029927284254542,0.0,2.0,0.0,1.3709934509934512,0.23285991785991786,0.38893127540349687,38.6,0.5156177156177155,0.4226984126984128,0.5999999999999999,0.48333333333333334,0.0,0.275,0.3,0.016666666666666666,0.0,0.0,0.23333333333333334,0.5999999999999995,0,0,0,0.3846153846153846,0.19230769230769232,0.15384615384615385,0.19230769230769232,0.07692307692307693,0.038461538461538464,6,0.0,1,0.0030775890775890775,4,4,0,1,0,1.6666666666666667,0.32,0.0,0,0,3.400719140119139
79,https://lichess.org/qEjoSBMc,Grandelicious,0,0.09090909090909091,0.27743103407611247,1.7272727272727273,0,0,1,2.5757575757575757,0.48484848484848486,1,-0.7954545454545454,0.0,-0.3137254901960784,0.6060606060606061,0.24242424242424243,0.0,0.0,0.24242424242424243,3.6666666666666665,0.14285714285714285,0.0,0.13114754098360656,3.639344262295082,1.0,0.0,0.0,0.0,0.0,7.0,0.0,0.0,0.0,0.0,0.4285714285714286,0.16666666666666666,1,1,0,0.0,1.6,0.0,0.0,0.2727272727272727,0.0,0.0,0.0,1.6707070707070708,0.0,0.0,0.20610037591587274,0.0,0.6363636363636364,0.0,1.29623507805326,0.6534653898290261,0.35344815746495617,35.63636363636363,0.37642441733350857,0.6595959595959596,0.4949494949494949,0.5,0.0,0.0,0.0,0.03787878787878788,0.0,0.0606060606060606,0.19696969696969696,0.7575757575757577,0,0,0,0.2641509433962264,0.2452830188679245,0.11320754716981131,0.16981132075471697,0.07547169811320754,0.1509433962264151,11,1.8571428571428572,0,0.005220423218586674,6,5,1,1,1,1.0,0.3,0.6666666666666666,0,0,3.340691676265448
80,https://lichess.org/FYzdD4PW,Grandelicious,1,0.0,0.20346723463244232,2.46,0,0,1,1.52,0.4,0,0.2916666666666667,0.8823529411764706,0.7368421052631579,0.4,0.0,0.0,0.0,0.32,3.12,0.14285714285714285,0.0,0.0,3.3,1.0,0.0,0.0,0.0,0.0,5.0,0.0,0.0,0.0,0.0,-0.02857142857142858,0.125,1,1,0,0.0,2.3,1.8952534437793418,0.44,0.12,2.0,0.2,0.19999999999999996,2.215428571428572,1.0,0.0,0.17671840366361768,0.68,3.36,0.0,1.6535337995337995,-0.04476612276612274,0.30895658560460676,36.32,0.5563869463869462,0.6333333333333331,0.3333333333333332,0.48,0.0,0.5,0.07,0.01,0.0,0.04,0.52,0.5999999999999998,0,0,0,0.35000000000000003,0.27499999999999997,0.1,0.15,0.07500000000000001,0.07500000000000001,4,2.6666666666666665,0,0.003352658896658896,3,3,0,1,0,1.0,0.26666666666666666,0.48,1,27,3.262567888901222
81,https://lichess.org/qkSaVwmk,Grandelicious,0,0.0,0.021199030438160873,2.727272727272727,1,0,0,3.590909090909091,0.48484848484848486,1,1.8153846153846154,-0.07207207207207207,0.5161290322580645,0.3333333333333333,0.0,0.0,0.0,0.12121212121212122,4.333333333333333,0.0,0.0,0.0,4.509090909090909,0.0,0.0,0.0,1.0,0.0,0.0,0.0,0.0,2.0,0.0,0.0,0.08333333333333333,1,1,0,0.33333333333333337,3.0,0.3715671412420496,0.18181818181818182,0.5454545454545454,0.6363636363636364,0.06060606060606061,0.5,1.7565656565656567,0.42424242424242425,0.0,0.1630624396273831,0.0,1.5454545454545454,0.0,1.634827293918203,0.22807091898000978,0.3373854552259268,40.75757575757576,0.5058157330884603,0.502020202020202,0.49494949494949503,0.5,0.3484848484848485,0.10606060606060606,0.4090909090909091,0.21212121212121213,0.0,0.2828282828282828,0.030303030303030304,0.1414141414141414,0,0,0,0.3,0.08333333333333333,0.11666666666666665,0.2833333333333333,0.13333333333333333,0.09999999999999999,14,3.142857142857143,0,0.00517463609750111,7,7,0,3,0,1.0,0.5925925925925926,0.3333333333333333,0,0,3.294281408826862
82,https://lichess.org/8ke2SJoc,Grandelicious,0,0.0,0.4598753243987654,2.5,0,0,0,3.0952380952380953,0.42857142857142855,0,-1.0,0.043478260869565216,0.46153846153846156,0.0,0.0,0.0,0.0,0.0,4.666666666666667,0.0,0.0,0.0,2.6956521739130435,1.0,0.0,0.0,0.0,0.0,46.0,0.0,0.0,0.0,0.0,-0.061224489795918435,0.0,0,0,0,0.0,2.3,1.9149050259187859,0.047619047619047616,0.0,0.0,0.7619047619047619,-0.33333333333333337,1.9750566893424042,1.9047619047619047,0.0,0.1980713935095115,0.38095238095238093,2.238095238095238,0.0,1.8583769405197976,0.24901665794522934,0.4762456403573035,39.61904761904762,0.512076812076812,0.4965986394557823,0.5,0.5,0.0,0.011904761904761904,0.2619047619047619,0.09523809523809523,0.30952380952380953,0.3333333333333332,0.5714285714285714,0.17460317460317462,0,0,0,0.375,0.29166666666666663,0.24999999999999997,0.041666666666666664,0.041666666666666664,0.0,3,1.0,1,0.0018584601699276142,3,3,0,2,0,1.0,1.6521739130434783,0.7142857142857143,0,0,3.316043624250145
83,https://lichess.org/DqdBy8Se,Grandelicious,0,0.0,0.03956625385196814,2.238095238095238,0,0,0,1.3333333333333333,0.0,1,1.0909090909090908,0.6111111111111112,0.46153846153846156,0.7619047619047619,0.0,0.0,0.0,0.42857142857142855,2.9047619047619047,1.037037037037037,0.0,0.25,3.625,0.0,0.0,0.0,1.0,0.0,0.0,0.0,0.0,2.0,0.0,-0.061224489795918435,0.03125,-1,-1,0,0.6666666666666667,2.1,2.3752612648889833,1.0,0.8095238095238095,0.0,0.0,-0.4285714285714286,1.8988095238095237,1.0,0.0,0.1921618386073036,0.0,2.0,0.0,1.8440607012035586,0.36159079016221873,0.42277121132517,36.857142857142854,0.5079365079365079,0.5793650793650793,0.5,0.5,0.0,0.0,0.25,0.25,0.6428571428571429,0.38095238095238093,0.5,0.23809523809523805,0,0,0,0.24000000000000002,0.2,0.24000000000000002,0.12,0.08,0.16,8,1.5,0,0.0024485880171011367,2,2,0,1,0,1.0,0.5416666666666666,2.2857142857142856,3,87,3.404029897571565
84,https://lichess.org/cUYdVbNK,Grandelicious,0,0.16216216216216217,0.15934383008686415,2.864864864864865,0,0,1,2.175675675675676,0.7027027027027027,-1,-1.0,0.0,0.56,0.05405405405405406,0.2702702702702703,0.0,0.0,0.32432432432432434,5.216216216216216,0.6086956521739131,0.0,0.0,3.8333333333333335,0.0,0.0,0.0,0.0,1.0,0.0,0.0,0.0,0.0,17.0,0.346938775510204,0.16666666666666666,1,1,0,0.0,3.3,1.0708643330990366,0.43243243243243246,0.43243243243243246,1.4324324324324325,0.08108108108108109,0.0,1.736164736164737,0.6486486486486487,0.0,0.16676712326945156,0.0,1.5675675675675675,0.0,1.4972036972036975,0.25820260820260815,0.40382598237638123,38.486486486486484,0.5192213192213193,0.47734877734877734,0.5,0.5,0.02702702702702703,0.22297297297297297,0.2702702702702703,0.24324324324324326,0.0,0.19819819819819812,0.12162162162162163,0.3603603603603604,0,0,0,0.28205128205128205,0.2051282051282051,0.07692307692307693,0.23076923076923073,0.17948717948717946,0.05128205128205128,9,1.0,1,0.0030692856368532044,5,5,0,3,0,1.0,0.7,0.9459459459459459,0,0,3.226254732921399
85,https://lichess.org/bxnt3Eyq,Grandelicious,0,0.0,0.02811714388272471,2.8285714285714287,0,0,0,2.585714285714286,0.5142857142857142,0,0.0,0.0,1.263157894736842,0.22857142857142856,0.5142857142857142,0.0,0.0,0.4,3.342857142857143,0.0,0.0,0.037037037037037035,3.1481481481481484,1.0,0.0,0.0,0.0,0.0,7.0,0.0,0.0,0.0,0.0,0.0714285714285714,0.045454545454545456,1,1,0,0.6666666666666667,2.6999999999999997,1.3263509244541212,0.0,0.7714285714285715,0.5428571428571428,0.17142857142857143,-0.19999999999999996,2.256326530612244,0.7142857142857143,0.0,0.18715543315764344,1.0,3.0,0.0,1.619466248037676,0.2764311878597593,0.39505562515885856,39.0,0.5007770007770009,0.5,0.5,0.5,0.2857142857142857,0.44285714285714284,0.15,0.0,0.5,0.0,0.35714285714285715,0.5904761904761902,0,0,0,0.35714285714285704,0.17857142857142855,0.10714285714285714,0.14285714285714285,0.21428571428571425,0.03571428571428571,5,2.0,0,0.001859858961899778,3,3,0,0,0,1.3333333333333333,0.25925925925925924,0.0,0,0,3.130812474562475
86,https://lichess.org/8P1bz5Ke,Grandelicious,0,0.0,0.017120478420788017,1.0,1,0,0,1.9230769230769231,0.0,0,0.0,-0.3181818181818182,1.0666666666666667,0.0,0.0,0.0,0.0,0.0,2.923076923076923,0.0,0.0,0.0,2.717391304347826,0.0,0.0,1.0,0.0,0.0,0.0,0.0,48.0,0.0,0.0,0.015873015873015817,0.08333333333333333,1,1,0,0.33333333333333337,3.2,2.232767053000677,0.07692307692307693,0.23076923076923078,1.0,0.46153846153846156,-0.19999999999999996,1.6599816849816853,0.15384615384615385,0.0,0.1779360320917829,0.0,2.0,0.0,1.306186121570737,0.13857424626655399,0.39135125837912216,36.92307692307692,0.4662811547426932,0.5076923076923077,0.5,0.5,0.0,0.038461538461538464,0.34615384615384615,0.057692307692307696,0.23076923076923078,0.3333333333333333,0.0,0.4102564102564102,0,0,0,0.3333333333333333,0.16666666666666666,0.3333333333333333,0.08333333333333333,0.08333333333333333,0.041666666666666664,17,1.0,0,0.00336215395386993,4,4,0,2,0,1.0,0.8260869565217391,0.07692307692307693,0,0,3.460387513050557
87,https://lichess.org/0LD01do9,Grandelicious,0,0.0,0.0,0.0,1,0,0,3.6875,0.0,0,0.0,0.0,0.42105263157894735,0.25,0.0,0.0,0.0,0.75,3.25,0.25,0.0,0.0,4.84375,0.0,1.0,0.0,0.0,0.0,0.0,39.0,0.0,0.0,0.0,-0.1428571428571429,0.05,1,1,0,0.6666666666666667,3.0,1.050103951471565,1.0,0.125,0.0,0.125,0.0,1.6517857142857142,1.0,0.0,0.15873866003705459,0.0,1.0,0.0,1.3653846153846156,-0.28685897435897434,0.3594057258530943,39.875,0.5048076923076923,0.5,0.5,0.5,0.375,0.25,0.15625,0.0,0.0,0.0,1.0,0.0,0,0,0,0.29411764705882354,0.23529411764705882,0.1764705882352941,0.11764705882352941,0.1764705882352941,0.058823529411764705,1,1.0,0,0.021414262820512817,4,3,1,1,1,1.0,0.5,0.375,0,0,3.501816271113146
88,https://lichess.org/XH9ITxZ2,Grandelicious,0,0.0,0.1405952380952381,0.9333333333333333,1,1,1,1.7,1.0666666666666667,0,1.0,0.0,0.7407407407407407,0.6,0.13333333333333333,0.0,0.0,0.0,6.2,0.3793103448275862,0.0,0.0,4.636363636363637,1.0,0.0,0.0,0.0,0.0,7.0,0.0,0.0,0.0,0.0,0.3015873015873016,0.1,1,-1,0,0.0,2.8,1.0288703852577568,0.0,0.13333333333333333,1.5333333333333334,0.4,-0.33333333333333337,2.1222222222222222,0.6666666666666666,0.0,0.1844532697021712,0.0,2.0,0.0,1.5146464646464646,-0.10489510489510492,0.35445620208994105,39.733333333333334,0.5044289044289043,0.5600000000000002,0.5111111111111112,0.5,0.0,0.25,0.21666666666666667,0.0,0.0,0.33333333333333326,0.0,0.7333333333333332,0,0,0,0.4166666666666667,0.20833333333333331,0.125,0.20833333333333331,0.041666666666666664,0.041666666666666664,0,0.0,0,0.005093024259690926,5,5,0,4,0,1.0,0.6818181818181818,0.26666666666666666,0,0,3.4927434623457354
